customer_id,first_name,last_name,email,phone_number,address_line1,address_line2,city,state,postal_code,country,date_of_birth,registration_date
1,Megan,Johnson,chadboyle@yahoo.com,+1-152-417-7374x737,6950 Chad Trafficway Suite 946,Suite 738,Sarahchester,Wisconsin,51695,Burkina Faso,1948-01-13,2020-11-09
2,Katherine,Bailey,bryanfowler@rodriguez.org,+1-293-965-6462x29871,6649 Johnson Union,Apt. 795,Kelleyland,New Mexico,54044,Lao People's Democratic Republic,1978-10-17,2023-03-06
3,Robert,Smith,sbaker@gmail.com,959.404.7363,55757 White Station Suite 542,Suite 689,Port Annamouth,North Dakota,59542,Brunei Darussalam,2001-12-09,2023-10-20
4,Jonathan,Mccann,sophia88@hotmail.com,950-506-0980x0069,972 Harrell Trace,Suite 587,Amybury,Vermont,68883,Samoa,1981-03-17,2021-03-19
5,William,Fuentes,james62@gmail.com,750-861-6405x0051,2383 Kennedy Rapids,Suite 780,Annettefurt,Connecticut,56642,Uzbekistan,1972-05-03,2022-01-11
6,Richard,Jones,cward@gaines.com,+1-081-980-3996x411,61808 King Parkways Suite 265,Suite 857,West Victoria,Kentucky,98125,Korea,1970-01-12,2020-09-23
7,Kristen,Barry,allison23@gomez.com,(128)337-9463,170 Vicki Land,Apt. 829,Lake Victorland,Maine,89985,Lithuania,1969-04-17,2024-06-20
8,Kevin,Clark,jacob61@west.net,8871326713,6192 Robert Meadow,Suite 813,Josetown,Louisiana,50939,Bosnia and Herzegovina,1966-11-02,2021-07-13
9,Thomas,Harris,frankmclean@walters-shepard.com,126.764.9380,6261 Nguyen Manor,Suite 849,Emilyhaven,Montana,40568,Serbia,1958-06-13,2022-12-23
10,Brandy,Nunez,chelsea14@gmail.com,+1-627-920-4697,3686 Clayton Village,Suite 951,Lake Juan,Kentucky,54978,Guam,1944-10-28,2021-08-27
11,Rebecca,Mays,farmerjames@yahoo.com,+1-796-583-1488x35438,0766 Macias Oval,Apt. 718,North Brandon,California,79670,Vietnam,2003-01-20,2020-04-26
12,William,Martinez,orowe@hotmail.com,(446)553-1443x13682,75429 Loretta Trafficway Apt. 162,Suite 342,West James,Nevada,01715,Guinea,1997-12-02,2021-04-16
13,Juan,Smith,aguilarmichael@hotmail.com,367-348-5619x77121,34622 Frank Creek Apt. 457,Apt. 900,Floresview,Georgia,27029,Angola,2001-04-26,2023-12-09
14,Katelyn,Wood,mark06@mccall-taylor.com,440.663.0920x66566,179 Robert Lane,Suite 189,Kingtown,Wisconsin,77082,Iraq,1971-07-15,2020-05-19
15,Christine,Johnson,adam31@hotmail.com,4799010298,896 Jacob Overpass,Apt. 156,West Desireeburgh,Alaska,55857,Moldova,1989-11-05,2023-11-06
16,John,Jacobs,edwardsmaureen@gmail.com,256.284.7314,0426 Wilkins Crescent Suite 786,Apt. 960,Cartershire,North Carolina,30624,Paraguay,1965-08-23,2021-07-07
17,Renee,Villarreal,wwhitehead@hotmail.com,(933)200-7448,248 Osborn Burgs Suite 809,Apt. 050,Lake Roberta,Connecticut,09068,Pakistan,1955-01-28,2024-01-22
18,Tonya,Lopez,mlambert@gmail.com,6792020865,07819 Williams Trail Apt. 336,Suite 806,Kevintown,Alaska,67243,Central African Republic,1987-01-02,2020-11-24
19,Lisa,Rodriguez,william22@gmail.com,507-834-6067,0398 Jones Track Apt. 952,Apt. 303,West Darrylview,Washington,81388,Morocco,1957-07-04,2022-08-14
20,Rachel,Cooper,blairapril@hotmail.com,231.881.8386x5439,1445 Amanda Burgs Suite 771,Apt. 105,Kariton,Kansas,83233,Mali,2005-01-31,2021-01-03
21,Kyle,Haley,melvinwillis@gmail.com,5419921707,0026 Lisa Creek Apt. 366,Suite 941,South Miguelfurt,Texas,11543,Christmas Island,1976-11-04,2021-04-20
22,Jessica,Anderson,lisaharris@murphy-erickson.com,(462)082-2634x989,9889 Taylor Neck,Suite 203,Kimberlyfort,Georgia,93066,Puerto Rico,1968-02-27,2021-05-10
23,Rachel,Levy,katherinecole@gmail.com,0309547944,369 White Meadow,Suite 554,New Craig,Nebraska,07936,Western Sahara,1973-04-26,2022-12-21
24,Gabriella,Cox,darlenejohnson@meyers-jones.info,552.178.1122x56384,77108 Brady Estates Suite 575,Apt. 936,New Gary,Utah,05075,Montserrat,2002-12-17,2024-02-10
25,Thomas,Kennedy,tboyd@durham-taylor.net,001-554-808-1619x6711,6206 Brown Station,Apt. 999,West Taraview,Alaska,88237,Saint Lucia,1969-07-27,2024-06-04
26,Craig,Carter,hoovermatthew@garcia.com,001-726-268-0564x4219,872 Eric Lodge Apt. 593,Suite 717,Ayershaven,Nevada,50117,Uzbekistan,1958-10-21,2024-01-09
27,Ryan,Giles,martha85@hotmail.com,859.380.3786x288,0188 Potter Parkways,Suite 395,East Fernando,Illinois,89053,Brunei Darussalam,1985-03-07,2023-06-03
28,Cheryl,Rubio,loganjohnson@martinez.com,3483408546,86459 Keith Stream Apt. 259,Apt. 031,North Rachel,North Dakota,31673,Ecuador,1959-10-15,2024-03-05
29,Robin,Fields,halelaura@gmail.com,(039)437-4006,1618 Pamela Hollow Apt. 862,Apt. 259,Thomasville,Idaho,18383,Jersey,1994-09-07,2023-12-07
30,Tammy,White,samantha16@alexander.org,(802)156-3468x59215,42184 Kimberly Meadow Apt. 325,Apt. 827,Port Laura,Pennsylvania,46775,Estonia,2004-05-29,2021-02-07
31,Thomas,Kaiser,anna76@gmail.com,066.453.8399,37587 Chavez Mission,Apt. 583,West Kathryn,New Hampshire,37822,Rwanda,1957-04-28,2022-01-10
32,Michelle,Garcia,mlang@brown-davis.com,001-073-342-2730,17494 Greene Spring,Suite 291,Jessicaview,Alabama,31946,Nigeria,1975-02-18,2021-03-03
33,Jorge,Carpenter,thompsonchristina@hotmail.com,366-602-9440,36465 Brown Mills Apt. 534,Suite 995,Carrstad,New York,39216,Netherlands,1982-03-22,2022-11-27
34,Linda,Moore,stephen87@miller-williams.biz,001-347-619-5175,654 Ruiz Shores Suite 956,Apt. 843,Mikeland,North Carolina,00694,Saint Helena,1948-09-10,2020-05-31
35,Ana,Hurst,wongcody@gmail.com,990.157.3441,004 Jeff Points,Suite 631,Johnsonfurt,Iowa,57485,Equatorial Guinea,1958-03-18,2021-05-02
36,Alexis,Bautista,stephanie70@gmail.com,001-019-637-3786x87220,17856 Kelly Mountains,Suite 502,Arnoldton,Oklahoma,51283,Central African Republic,1951-03-25,2023-09-21
37,Jennifer,Brock,smithmatthew@hotmail.com,716.521.9957x93760,5060 Vincent Forge Apt. 662,Suite 203,Harveyhaven,Kentucky,88337,Denmark,1995-08-07,2023-03-08
38,Raymond,Stewart,gregmccall@frazier.com,(448)469-0717,422 Edward Ville Apt. 698,Apt. 372,Sarahborough,Wyoming,50937,Saint Martin,1991-03-04,2021-07-06
39,Mallory,Sanchez,obenjamin@sanders.com,785-791-4367x5727,47643 Douglas Shoals,Apt. 985,Pereztown,Wyoming,35989,Djibouti,1981-01-24,2022-12-13
40,Elizabeth,Fischer,michaelmartin@ford-walter.com,(149)392-8412x089,5441 Lee Bypass,Suite 089,Dawnburgh,New Mexico,79160,Antigua and Barbuda,1958-03-24,2022-07-24
41,Aaron,Carter,martinbrandy@hotmail.com,001-878-742-0654x6000,23614 Nicole Lodge,Apt. 840,Jamesshire,Utah,54123,Uzbekistan,1966-09-20,2021-03-23
42,Tristan,Barnes,zoesmith@yahoo.com,610.679.3140,327 Donald Isle,Suite 535,East Krystaltown,South Dakota,55709,Mauritius,1950-03-28,2020-07-30
43,Mikayla,Williams,williamssara@carr.biz,(790)104-2723,7558 Sara Plaza Apt. 362,Apt. 870,New Teresaland,South Dakota,91117,Tanzania,1976-03-18,2022-11-26
44,John,Anderson,rgraham@dawson-nielsen.com,380.077.5210,0096 Ford Springs,Suite 432,Riosland,Delaware,94155,Papua New Guinea,1944-09-28,2023-11-18
45,Mark,Smith,ajones@hopkins.biz,+1-900-364-0741x82155,6706 Richard Stream,Apt. 924,Rodriguezfort,South Carolina,60469,Hong Kong,1967-05-24,2024-01-15
46,Monica,Miller,zjames@brewer.org,+1-838-993-8848x3225,3211 Michael Stream,Suite 226,Robbinsmouth,Colorado,50068,Gabon,2004-04-18,2022-03-29
47,James,Jones,whitney85@johnson.com,146-684-8215,82427 Jamie Forks,Suite 169,Tiffanymouth,Vermont,98292,Western Sahara,1994-01-23,2021-01-18
48,Ashley,Fisher,carrmichelle@yahoo.com,(120)680-9495x3000,514 Rodriguez Crossing Suite 348,Apt. 578,Carrollside,Texas,09345,Tokelau,1993-07-23,2023-09-26
49,John,Pierce,thomasphilip@simon-bray.biz,3511447016,7637 James Alley,Apt. 568,New John,New Hampshire,66337,Seychelles,1994-08-09,2022-12-30
50,Tammy,Yang,kmunoz@peterson.com,449.912.8155,8941 Andrew Falls,Apt. 064,North Rita,Indiana,73301,Falkland Islands (Malvinas),1944-12-14,2024-05-14
51,Linda,Thomas,mahoneymichael@hotmail.com,501-645-4027x533,35401 Vang Summit Apt. 018,Suite 718,New Amandafort,South Dakota,58255,Niue,1991-12-17,2023-04-21
52,Seth,Henderson,wmccoy@gmail.com,658-122-9381,29052 David Landing,Suite 847,Port Katrinachester,Nevada,98665,Saint Lucia,1952-02-10,2022-08-06
53,Christopher,Walsh,gregory95@james-williams.net,860-537-9937x8173,288 Vega Canyon,Suite 844,Jillmouth,New York,23039,Vietnam,2005-09-17,2020-02-21
54,Luke,Miller,flemingjoseph@hotmail.com,(955)990-6156x653,7700 Blevins Lake,Suite 350,New Kevin,California,82011,Ghana,1958-08-20,2023-07-24
55,William,Wallace,dennis19@martin-jordan.biz,(566)843-3163,213 Trevor Extensions Apt. 172,Suite 758,Lopezchester,Rhode Island,25406,Congo,2005-09-11,2023-08-11
56,Sarah,Wood,mayjasmine@gmail.com,(305)611-9890,234 Walker Prairie,Apt. 258,Michaelside,Oregon,62647,Maldives,1969-12-03,2024-01-23
57,Daniel,Rush,garyclark@gmail.com,(225)765-4456x272,2160 Hall Circle Apt. 619,Suite 897,Wadeview,Louisiana,83218,Hong Kong,1998-05-25,2021-09-27
58,Andrea,Brown,lorikelly@fitzgerald.com,+1-726-855-1025x53145,597 Stewart Throughway Apt. 035,Suite 300,Mileschester,New Mexico,35742,Macedonia,1948-08-28,2023-02-10
59,Jasmine,Ortiz,rachel58@yahoo.com,+1-017-893-0771x313,387 Rivera Drive Apt. 953,Apt. 766,Pattybury,Montana,94207,Myanmar,1958-02-20,2020-11-09
60,Amy,Butler,vrollins@torres.com,935.504.4059,6555 Alex Lane Suite 882,Apt. 125,Alisonborough,South Carolina,92270,Saint Martin,1969-10-16,2020-03-31
61,Lisa,Chandler,ahunt@yahoo.com,5261682778,43190 Marshall Greens,Suite 121,Rodgersmouth,Virginia,90129,Benin,1961-08-27,2021-06-26
62,Amber,Flores,dylansilva@bush.com,+1-505-017-7038x01616,6665 Mikayla Cape Suite 419,Apt. 668,North Adamburgh,Washington,16181,Jersey,2001-08-01,2021-01-11
63,Tamara,Harris,haley92@miller-johnson.com,(799)496-0809,758 Castro Meadows Apt. 171,Apt. 105,Stewartshire,Kentucky,56705,Falkland Islands (Malvinas),1986-06-10,2021-12-21
64,Carrie,Carter,rflores@yahoo.com,292.727.3080,2254 Copeland Road Suite 933,Apt. 103,West David,West Virginia,01541,Djibouti,1985-09-30,2023-12-31
65,Briana,Ruiz,elizabeth32@hotmail.com,776.475.9981x29077,31019 Christopher Park Suite 092,Apt. 919,South Jamesberg,Louisiana,93447,Argentina,1957-10-05,2023-08-03
66,Sean,Clements,anthonyday@johns.biz,463.005.6739x9083,19449 Li Roads Apt. 191,Suite 633,East Annetteberg,Maryland,16130,Saint Helena,1970-11-26,2021-05-25
67,Caitlyn,Hogan,zerickson@smith-taylor.biz,001-532-488-2691,42836 Jason Port Apt. 793,Suite 850,Lake Kennethmouth,Minnesota,66120,Hungary,1996-03-11,2024-04-13
68,Paul,Hill,ycunningham@schneider.com,001-463-195-6268x714,196 Poole Lakes,Apt. 400,East Josephbury,New Jersey,96754,Honduras,1963-10-28,2020-01-27
69,Barbara,Grant,nwilliams@adams.info,(556)564-0375x31506,0221 Nicholas Parks,Apt. 795,Danielleview,Iowa,58893,Jordan,1995-05-31,2020-06-04
70,Kelly,Watts,obaker@hotmail.com,(396)365-1034x13413,592 Clarence Spring Suite 979,Suite 840,Jamesberg,Iowa,60164,British Virgin Islands,1985-07-16,2021-09-13
71,Jaime,Flynn,kevinlynch@gmail.com,(396)542-3870,1994 Smith Crossing Apt. 498,Suite 753,Danielhaven,Delaware,59858,Macedonia,1961-09-06,2023-12-17
72,Jacob,Griffin,riverstimothy@hotmail.com,001-279-104-7438x82542,98317 Atkinson Fort Apt. 834,Suite 701,Keithmouth,Washington,49473,Cote d'Ivoire,1979-03-07,2021-08-14
73,Chloe,Ross,bakerjerry@gmail.com,(564)577-6297,56132 Richards Lodge Suite 020,Apt. 011,Wintersmouth,Pennsylvania,74507,Kazakhstan,1999-02-19,2020-04-17
74,Diane,Saunders,michaeldavis@hotmail.com,466.705.7505,187 Wallace View,Apt. 825,New Daniel,Colorado,19762,Antarctica (the territory South of 60 deg S),1956-04-03,2020-03-21
75,Thomas,Reynolds,brendagonzalez@atkins.org,571.184.4965x7157,96549 Poole Mountain,Apt. 913,New Hunter,New Hampshire,39685,Kuwait,1995-11-11,2021-03-15
76,Christopher,Wright,velazquezanita@yahoo.com,+1-680-685-0509x7896,6469 Lee Cove,Apt. 562,Eileenside,Indiana,69940,Antarctica (the territory South of 60 deg S),1958-04-09,2020-04-08
77,Katherine,Chavez,allentyler@hill-smith.com,048.839.8318,2033 Mccall Forest,Suite 674,East Matthewmouth,Illinois,35993,Niger,1958-02-06,2020-07-20
78,Nancy,Giles,jonesashley@gmail.com,(180)455-0728x9099,06672 Cooley Roads Apt. 922,Suite 000,Freemanfort,Ohio,51291,Syrian Arab Republic,1965-12-13,2020-05-16
79,Sandra,Thomas,jvalencia@gmail.com,+1-647-498-3423x373,08483 Kelly Ramp,Apt. 183,Colinland,Louisiana,62659,Paraguay,1991-12-16,2022-01-28
80,Megan,Ford,juliacastillo@yahoo.com,453.952.1633,042 Oconnor Underpass Suite 940,Apt. 222,Lake Francesberg,Delaware,02820,Angola,1974-02-15,2022-11-14
81,Rachael,Walsh,xsalazar@gmail.com,+1-936-274-9114x300,72706 Rodriguez Isle Apt. 748,Suite 662,Wilsonbury,Idaho,50876,Barbados,1972-02-14,2021-03-24
82,Sandra,Webb,vincent73@hotmail.com,(174)476-4385x891,13732 Hunt Ridge,Apt. 411,Valdezborough,Wyoming,58431,Nepal,1950-07-13,2022-11-04
83,Amber,Harris,ryan56@hotmail.com,+1-565-182-9799x6854,24707 Brandt Hills Apt. 943,Apt. 218,Brownburgh,Oregon,66886,Brunei Darussalam,1956-01-29,2023-09-22
84,Peter,Smith,castillokelly@yahoo.com,+1-221-214-0385,888 Melinda Loaf Apt. 975,Suite 845,West Elaine,Arizona,69385,Bermuda,1988-04-08,2020-06-04
85,Janet,Hale,sarah25@perez-becker.biz,001-685-189-7038x6066,885 Aguilar Roads Suite 299,Apt. 887,North Cheryl,Kansas,28627,Tunisia,1951-05-13,2022-03-18
86,Joshua,Montgomery,kwhitney@hotmail.com,001-883-115-6843,060 Elliott Station,Apt. 888,Nicolemouth,Utah,03555,Faroe Islands,1950-10-06,2022-06-14
87,Lisa,Smith,fshaw@edwards.com,729.948.8751x0557,4639 Guerrero Brooks Suite 410,Suite 523,West Tanya,Minnesota,56366,Turkey,1945-04-09,2021-03-17
88,Melissa,Evans,ostewart@joyce-johnston.com,(840)172-7482,695 Smith Crest Suite 509,Apt. 906,Williambury,Nebraska,05462,Sierra Leone,1977-07-21,2021-09-05
89,Patty,Mack,bakerjessica@gmail.com,(913)827-0185,1880 Bradley Stravenue Suite 088,Suite 275,Lunachester,Tennessee,64801,Cameroon,1946-03-11,2022-01-27
90,Brittany,Fuller,lauradiaz@benton.biz,001-565-316-7998x19997,57800 Lori Valley,Apt. 921,Port Mercedesfort,Arizona,65783,Marshall Islands,1967-12-15,2021-07-26
91,Stephanie,Gardner,darrenjacobs@miller.com,058-718-4195x0924,6834 Jeffrey Mountain Suite 736,Apt. 755,West Thomasside,Maine,84067,French Southern Territories,1949-10-10,2024-05-28
92,Bethany,Moore,ljones@perez.biz,+1-257-365-8055x97376,30907 Laura Isle Apt. 274,Suite 335,South Jessica,Alabama,92848,Slovakia (Slovak Republic),1989-10-06,2021-10-20
93,Shannon,Mccarthy,grahampatrick@gmail.com,001-956-673-2703,13767 Williams Walks Apt. 791,Suite 096,Sparkston,Utah,49482,Bhutan,1978-02-02,2020-06-12
94,Donna,Ruiz,aguilarjane@yahoo.com,7021283116,2225 Krause Stravenue Apt. 164,Apt. 919,West Sarahport,Arkansas,77968,Macao,2004-12-18,2024-01-28
95,Wendy,Gregory,caitlindavis@gmail.com,802.621.6583,03109 Bradford Mountain Apt. 504,Apt. 662,South Christianside,California,03395,Mayotte,1973-01-28,2022-12-04
96,Sabrina,Wolf,andrew29@taylor.com,+1-701-138-1181x91024,94034 Tamara Via,Suite 329,South Natalieburgh,Louisiana,65164,Indonesia,1957-03-31,2023-04-20
97,Laura,Hall,hromero@garcia.info,982.449.9935x427,91668 Huang Ramp Suite 192,Apt. 269,East Paul,Tennessee,31319,Austria,1986-06-09,2022-02-21
98,Christopher,Gill,spencermorgan@yahoo.com,(533)296-7609,028 Drake Pines Apt. 626,Suite 117,Wendyport,Oregon,66643,Montserrat,1985-04-09,2022-09-06
99,Chloe,Ramirez,gmiller@yahoo.com,(904)106-0234,197 Hickman Streets,Suite 810,Nelsonfort,New Jersey,13736,Bulgaria,1970-01-31,2020-09-16
100,Tom,Riggs,ewright@johnson-cummings.com,309-766-7341,00996 Patton Streets Suite 759,Suite 223,New Michael,Arizona,79083,Nigeria,1949-08-21,2023-07-17
101,Crystal,Martinez,pwalker@yahoo.com,001-576-590-0199x773,6335 Melissa Ports,Suite 793,Kathymouth,Kansas,94420,Vietnam,1954-06-11,2021-11-19
102,Megan,Stephenson,cthomas@yahoo.com,001-780-430-3584x065,8393 Hernandez Squares Suite 167,Apt. 996,Kellyborough,Colorado,47752,Ghana,1985-05-01,2021-02-09
103,John,Williams,jgreene@hotmail.com,001-333-509-1013x591,7694 Penny Fall,Suite 527,North Randyton,Idaho,71961,Montserrat,1994-09-07,2023-12-03
104,Jessica,Scott,kevinholmes@martinez.com,+1-643-277-7391,96932 Richardson Stravenue Apt. 278,Apt. 828,Lisafort,Nebraska,72448,Niue,1969-03-14,2020-10-15
105,Dave,Fox,mmyers@crawford-jackson.com,001-882-159-2146x43213,53094 Robin Greens Suite 815,Apt. 182,Blevinsville,Louisiana,32176,Sudan,1975-08-19,2020-08-17
106,Jeffrey,Perkins,jenniferwhite@hotmail.com,+1-344-012-8742x1139,808 Davis Square,Apt. 674,Port Jonathan,Wyoming,92288,South Georgia and the South Sandwich Islands,2004-10-07,2024-02-12
107,Laura,Foster,cynthiawilliamson@hotmail.com,332.737.9715x68206,350 Shaw Spurs Suite 889,Apt. 246,Rachelborough,New Mexico,16587,Honduras,1990-11-15,2023-01-26
108,Marvin,Garcia,fjohnson@bridges.com,+1-992-926-5883x3539,03044 Murray Loop Suite 167,Apt. 846,East April,Minnesota,91421,United States of America,1955-04-14,2022-03-13
109,Lisa,King,johnsawyer@walker.net,069.708.5352x0571,3094 Charles Fords Suite 156,Suite 110,West Dalefort,Indiana,55823,Iran,1995-01-28,2023-06-02
110,Craig,Campbell,nicole57@hotmail.com,+1-964-982-3071,067 Laura Branch Apt. 889,Apt. 958,Mcconnellmouth,South Dakota,48199,Burkina Faso,1961-06-05,2024-04-08
111,Dustin,Fischer,nathanbridges@kim.info,001-374-944-0954x109,374 Sanchez Court,Suite 069,Brettshire,Maryland,10649,Zambia,1950-03-05,2024-01-01
112,Heidi,Stout,jeffreywilson@finley.info,7021044111,835 Melissa Mount,Apt. 830,South Samanthaport,Montana,48128,Western Sahara,1986-04-19,2021-07-18
113,Brandon,Larson,janet06@miller.org,990.559.9708,2148 Roberts Creek Suite 796,Apt. 930,Davidtown,California,83519,Sierra Leone,2005-03-19,2023-06-01
114,Audrey,Johnson,cynthiayu@hotmail.com,+1-976-490-3555x26360,981 Bishop Crossing Suite 048,Suite 969,Shafferbury,Wyoming,45124,Tokelau,1979-11-20,2023-12-16
115,Renee,Sparks,iparker@jones.com,4983429064,37263 Mcdonald Key,Apt. 302,Jessicamouth,Iowa,57768,Gabon,1995-09-10,2021-02-20
116,Amanda,Torres,xjensen@miller-johnson.com,009.279.2395,2420 Gray Place,Apt. 536,Dylanmouth,New York,53313,Timor-Leste,1949-02-05,2023-05-20
117,Erin,Morgan,eric41@west.biz,681-873-4405x9494,86680 Matthew Keys,Suite 810,Hollandville,Georgia,60598,Croatia,1954-06-11,2023-11-27
118,Anthony,Moreno,jeremy94@gmail.com,458.446.7116,5437 Gibbs Ports Suite 290,Apt. 106,Lake Marcus,California,33488,Jersey,1989-11-11,2021-12-08
119,Cynthia,Wright,lesliesilva@brown-kaiser.info,234.587.7963,420 Kerri Ports,Apt. 949,West Kaitlin,Tennessee,02643,France,1988-01-31,2022-07-03
120,Catherine,Mora,paul01@yahoo.com,001-875-139-7491x00138,97143 Randall Dam,Suite 932,East Robertburgh,California,14842,Trinidad and Tobago,2006-03-16,2020-12-31
121,Barbara,Martin,nicolewilson@wright-soto.com,(581)174-7704x88759,82390 Norman Centers Suite 977,Suite 302,Rowebury,Colorado,72446,Brunei Darussalam,1995-12-07,2022-12-07
122,Peter,Perry,coopernathaniel@hotmail.com,283.079.3393x0416,7781 Bauer Courts Suite 018,Apt. 354,Port Wanda,Pennsylvania,55926,Hungary,1991-05-16,2021-06-08
123,Mitchell,Roberts,morganandrea@odonnell.com,652-967-2623x05771,91757 Kennedy Mills,Suite 991,South Michaelfurt,Mississippi,91488,United States Minor Outlying Islands,1947-11-20,2024-04-30
124,Tina,Meyer,mauricecarney@hotmail.com,+1-549-240-3844x31718,66027 Stephanie Highway Suite 375,Suite 015,South Angel,Minnesota,76467,Reunion,1948-08-30,2023-05-22
125,Benjamin,Berry,kingdalton@gmail.com,524.810.3358x2553,976 Angelica Plaza Apt. 867,Apt. 692,Carterfort,Minnesota,66996,Dominican Republic,1947-08-05,2022-12-03
126,Andrew,Burton,yjohnson@reed.com,380-644-6410x0923,349 Clark Mews,Apt. 442,West Joann,Iowa,13601,Bahamas,1944-02-03,2022-02-09
127,Susan,Schmidt,raymondlynch@gonzales.com,+1-082-994-2297,9839 Smith Turnpike,Suite 435,South Adam,New York,00558,Tuvalu,1975-01-27,2022-08-18
128,Jackson,Jenkins,stevenedwards@hill.com,7948351332,6540 Jordan Forge Apt. 502,Suite 917,New Mary,Colorado,43903,Saint Kitts and Nevis,1980-03-31,2024-05-24
129,David,Walters,kyle50@carr.com,(487)474-3532,0881 Jessica Street Suite 676,Apt. 372,Brittanyburgh,Kansas,80847,Qatar,1969-08-26,2021-03-25
130,Jason,Powell,tiffany88@grimes-davis.net,728.366.4354x726,210 Rogers Point Suite 585,Apt. 587,West Kellyfort,Wyoming,47221,Morocco,1986-12-20,2020-04-23
131,Lauren,Osborne,millertiffany@yahoo.com,(763)904-9807x9069,207 Walker Fords Suite 597,Apt. 067,Port Edward,Florida,35345,Solomon Islands,1960-10-12,2020-02-10
132,Sharon,French,john64@johnson.com,+1-200-942-1045x046,9754 Wallace Row,Suite 824,Melissafort,California,19088,Faroe Islands,1981-05-05,2024-05-06
133,Andrew,Carter,logan84@logan.net,665-332-9765,811 Claudia Ports Suite 411,Apt. 585,Donaldstad,Iowa,75131,Cuba,1990-11-01,2022-11-23
134,Ronald,Watson,carla66@aguilar-king.com,829.147.9124x838,52384 Lee Course,Suite 134,South Beverlyside,Florida,79440,Singapore,1972-01-24,2021-06-17
135,Craig,Fuller,berickson@yahoo.com,695-157-0122x44232,0852 Gabrielle Run Suite 336,Suite 378,Port Christopherchester,Maine,44010,Denmark,1974-11-03,2021-02-11
136,Jordan,Moore,halllindsey@johnson-miller.com,(583)390-8387x526,24108 Bennett Tunnel,Apt. 054,Lake Kelly,New Jersey,15699,Lebanon,1986-03-10,2020-10-01
137,Jeffrey,Terry,susansmith@fox-martinez.com,737.864.3187x6945,23304 Gutierrez Shoal,Suite 631,New Pamela,New York,22112,Lesotho,1961-03-11,2022-12-17
138,Deborah,James,joseph67@hotmail.com,123-782-0728,959 Eric Freeway,Apt. 921,Ryanchester,Louisiana,61974,Central African Republic,1945-12-18,2020-04-19
139,Michael,Garza,jennadickerson@harris-hernandez.com,001-720-323-9055x7459,75052 Rojas Drives,Apt. 787,West Rhonda,Michigan,38892,United Kingdom,1951-10-07,2022-06-30
140,Henry,Taylor,andreawright@white.biz,514-617-9595x61102,78487 Tyler Pine,Apt. 142,Anthonychester,North Dakota,45053,Namibia,1974-09-05,2020-01-31
141,William,Barnett,katherineanderson@maldonado.com,+1-953-018-1466,463 Case Rapid Apt. 640,Suite 810,East Angela,Maine,45769,New Zealand,1971-03-24,2023-08-23
142,Benjamin,Gomez,mtyler@jenkins.net,570-345-6501x1059,01204 Brandon Fork,Suite 123,Andrewmouth,Nebraska,90769,Czech Republic,1944-06-27,2022-12-27
143,Craig,Kennedy,paulfox@gmail.com,(049)493-8583,0547 Stephanie Passage,Suite 329,Mendezton,Maryland,26869,Northern Mariana Islands,1964-09-29,2020-06-10
144,Vanessa,Perry,patelrachel@smith.com,297.621.4655,9571 Ashley Villages Apt. 703,Suite 057,Port Kristenshire,Colorado,81745,Micronesia,1960-08-03,2020-01-08
145,James,Woods,acraig@yahoo.com,653-062-5123x8274,165 Carter Landing Apt. 988,Apt. 738,Solisberg,Illinois,23956,Liberia,1953-01-30,2022-10-15
146,Michael,Neal,jessica29@gmail.com,001-077-828-6199,137 Robert Ford,Suite 283,East Natashastad,Oklahoma,39922,Nigeria,1974-07-30,2020-06-30
147,Jessica,Flores,gillbrian@steele.info,768.583.0049,450 Martinez Knolls,Apt. 008,South Jermaine,New Jersey,10404,El Salvador,1968-09-02,2020-01-14
148,Mary,Pearson,alexander25@howard.com,(233)969-8220x3190,835 Johnson Pike,Apt. 037,Lake Jacquelineton,Illinois,02390,Nauru,1988-01-31,2022-02-22
149,Samantha,Brown,mendozajessica@franklin.info,911.033.2356,971 Ramirez Road,Suite 739,South Kellychester,Virginia,64770,New Zealand,1982-11-11,2020-06-22
150,Gary,Evans,staylor@hotmail.com,615.915.6185x01044,9930 Fischer Isle Suite 727,Apt. 546,Virginiaborough,Maryland,28179,Cuba,1988-12-20,2020-11-24
151,Emily,Mcgee,melissa96@yahoo.com,001-021-554-2763x311,58559 Cobb Squares,Suite 008,Port Nicole,South Dakota,75694,Denmark,1999-04-25,2021-01-29
152,Tammy,Williams,emily93@gmail.com,(279)878-8201x07235,842 Cummings Terrace,Apt. 609,Jonathanfort,New Mexico,39499,Nauru,1989-07-29,2021-09-05
153,Brian,Howell,josephjackson@gmail.com,001-018-842-4561,241 Michele Course Suite 800,Apt. 802,Curryfort,Nebraska,65763,Denmark,1964-02-05,2023-12-30
154,Erica,Johnson,jonathon47@hotmail.com,001-604-846-9574x0072,05806 Johnson Forks Apt. 803,Suite 291,Arroyoborough,South Carolina,48554,Turks and Caicos Islands,1951-03-16,2021-09-19
155,Megan,Ruiz,tammyellis@smith.com,034-318-3384,2826 Shane Port Suite 950,Suite 986,Mitchellport,Tennessee,73300,Panama,1962-06-13,2023-07-24
156,Matthew,Oneal,petersenjay@gmail.com,(477)996-3303x52430,428 John Lodge,Suite 217,Robinport,Arizona,14153,Korea,1962-01-09,2023-06-21
157,John,Smith,chelsea40@ewing.com,+1-668-532-4120,59702 Jenkins Creek,Apt. 209,Strongside,New Hampshire,62438,Kuwait,1964-11-15,2020-04-05
158,Candice,Rose,phillipporter@yahoo.com,021-811-0126x94071,657 Garcia Row,Suite 716,North Stefanie,New Hampshire,75843,Jamaica,1977-01-23,2023-12-06
159,Scott,Jones,perkinskimberly@hotmail.com,998.803.2097,5482 Powers Loop,Apt. 607,Jacksonfort,Nebraska,24004,Western Sahara,1986-02-02,2024-04-03
160,Gregory,Camacho,alexisschmidt@rodgers-harrell.biz,499-289-6512x182,819 Daniel Squares,Apt. 600,Lake Danielle,Florida,01022,Chile,1944-06-13,2020-11-16
161,Thomas,Parks,jack27@hernandez.com,209.043.1447x7349,39644 Stephen Flat,Suite 166,East Peterburgh,West Virginia,51198,Finland,1975-05-21,2022-01-31
162,Robert,Harmon,grahamcassandra@holland.biz,+1-674-739-8616,0128 Duncan Village Suite 298,Suite 960,Michaelhaven,Massachusetts,01303,Tuvalu,1989-03-13,2023-07-08
163,Ashley,Caldwell,cynthia93@hotmail.com,(315)930-8106x5335,5424 Erica Squares,Apt. 261,New Amanda,New Hampshire,65146,Guam,1957-06-08,2022-04-14
164,William,Smith,teresa54@rowland-lynch.com,(107)644-6946x92201,237 Shannon Stream Suite 609,Apt. 970,Perezbury,New Mexico,71072,Saint Pierre and Miquelon,1953-12-05,2022-11-12
165,Larry,Williams,elliskaren@gmail.com,(059)587-6360,26113 Baker Springs Suite 726,Suite 959,Rosehaven,Kentucky,39187,Svalbard & Jan Mayen Islands,1970-01-03,2021-08-08
166,Michael,Oliver,afranklin@hotmail.com,(867)996-9499x124,6830 Steven Fords,Apt. 643,New Rebeccatown,Rhode Island,09160,Rwanda,1991-03-05,2024-04-24
167,Mary,Key,rmiranda@hess.com,(898)642-9146,0158 William Forest Suite 737,Apt. 348,North Noahstad,Illinois,06249,Switzerland,1947-05-30,2021-09-18
168,John,Marks,uphillips@cohen.com,690-738-4309x8416,55673 Zachary Ways,Apt. 900,Lake Tiffanyton,Texas,36697,Macao,1972-06-10,2022-06-23
169,Ann,Lyons,reidwilliam@hotmail.com,001-565-963-5001x9861,4957 Samantha Skyway Suite 531,Apt. 500,New Cynthia,Colorado,19161,Madagascar,1964-01-16,2022-02-26
170,Alexander,Acosta,williamsalexis@beasley.biz,(535)555-2551x45442,214 Daniel Center Suite 859,Suite 676,Kaitlynburgh,Florida,54801,Peru,1993-09-30,2022-03-13
171,Judith,Perez,edwardslori@gmail.com,(963)913-4724x24003,82403 Smith Corners Apt. 367,Suite 954,South Tinaborough,Arkansas,20959,Lebanon,1958-10-15,2023-11-04
172,Matthew,Walton,brandongutierrez@gmail.com,(517)042-7335x114,52252 Page Key,Apt. 448,Michellefort,Utah,01434,Vanuatu,1946-09-16,2024-06-21
173,Brandon,Roberts,uanderson@phillips.net,746.598.2112x6418,6276 Hannah Summit Suite 529,Apt. 483,Port Williamfort,Nevada,56119,British Virgin Islands,1956-09-20,2023-02-14
174,Juan,Garcia,jjohns@pugh.com,001-482-763-5445,74310 Carey Park,Suite 411,Port James,Louisiana,32282,Montserrat,1967-12-26,2022-07-25
175,John,Murray,qroberts@powell.com,(431)466-5711,92934 Paul Causeway,Apt. 301,Port Emilyburgh,Oregon,41429,Rwanda,1974-02-24,2021-06-28
176,Stephanie,Rivera,fowlereric@wall.com,+1-327-395-4020,631 Austin Gateway Apt. 871,Suite 064,North Jaimeville,Kansas,43169,Morocco,1953-06-04,2020-11-27
177,Michael,Jackson,adam52@lane-brown.com,001-574-945-2094x207,28858 Jordan Terrace,Suite 743,Jessicamouth,Nebraska,08403,Nicaragua,1985-11-13,2020-12-27
178,Keith,Fisher,shannon77@fox.biz,167.107.6342x977,214 Robbins Drive Apt. 995,Apt. 932,West Cody,Indiana,67703,Saint Martin,1988-11-09,2023-09-10
179,Michael,Prince,ostone@gmail.com,568-477-7594,687 Frederick Village Suite 897,Apt. 962,North Trevor,Indiana,29003,Panama,1964-10-16,2022-09-26
180,Stacey,Graham,eddie12@gmail.com,111-367-1970,6916 Lisa Terrace,Suite 856,East Chadland,Tennessee,23652,Bosnia and Herzegovina,1992-11-06,2022-04-05
181,Cynthia,West,hnewman@jones.info,+1-226-852-5237,32387 White Forks,Suite 080,East Michael,Utah,66160,Cameroon,1960-09-15,2023-08-19
182,Christine,Fletcher,julie97@hotmail.com,(215)271-2501x4442,653 Greene Fields Suite 498,Suite 603,Andreaview,Iowa,23048,French Southern Territories,1975-06-30,2024-01-11
183,Jennifer,Warren,kimberlyjohnson@yahoo.com,001-367-804-6914,030 Morgan Key Apt. 646,Apt. 054,Port David,New Mexico,06401,Sudan,1972-09-04,2023-06-30
184,Paul,Anderson,laura03@hotmail.com,(886)441-7347x030,69073 Malone Vista,Suite 332,North Marie,Missouri,28532,Jamaica,1995-12-21,2022-09-11
185,Robert,Lozano,brodriguez@sanchez.com,056-240-1147,31631 Walters Harbors Apt. 489,Suite 450,Andreaburgh,Rhode Island,92264,British Virgin Islands,1998-05-07,2020-03-14
186,Debra,Wallace,dunlaphector@yahoo.com,264-546-6984x9763,07896 Shannon Spring Apt. 660,Apt. 097,South Robertstad,Vermont,10279,Solomon Islands,1991-02-04,2023-02-08
187,Aaron,Clarke,aavila@gmail.com,001-274-219-2244x415,5551 Jordan Keys,Apt. 226,Lake Melanieberg,Oregon,46621,Eritrea,1994-09-23,2024-03-04
188,James,Price,wnewton@lang.com,031-958-0497,29324 Jenkins Drives Apt. 505,Suite 996,Cassieside,Utah,51090,Kazakhstan,1968-02-14,2022-06-17
189,Matthew,Roman,marissadominguez@hotmail.com,(124)339-5200x03107,90240 April Avenue,Apt. 256,Tracihaven,Virginia,20024,Sao Tome and Principe,1961-08-14,2023-03-09
190,John,Price,robinmann@hotmail.com,438-562-3889,020 Burke Extensions,Apt. 321,Jesusside,Kentucky,82343,New Caledonia,1975-12-12,2023-05-04
191,Dana,Robinson,ustewart@bradley-grimes.com,(763)089-9697,4358 Christine Key,Apt. 266,Port Dennis,Alabama,59287,Malawi,1982-12-20,2022-11-15
192,Nicholas,Gonzalez,yyoung@yahoo.com,(698)812-9259,9105 Scott Neck,Suite 677,South Sharon,Arizona,38252,France,1992-10-28,2023-11-08
193,Nancy,Bentley,jonathanallen@glenn.com,(965)966-4366,84711 Bell Dam,Apt. 105,Martinezside,Illinois,03066,Grenada,1992-01-20,2021-06-14
194,Ashley,Willis,marcthomas@yahoo.com,001-683-710-9780,1455 Ferrell Expressway Apt. 960,Suite 266,North Matthew,Indiana,40643,Bosnia and Herzegovina,1988-11-05,2022-09-01
195,Robert,Williams,englishsean@holt.com,557-949-8101x42431,65364 Fred Tunnel Apt. 560,Apt. 756,West Coryfurt,Connecticut,91611,Romania,1949-03-15,2020-09-18
196,Richard,Price,fernandezrebecca@price-hunt.com,930-464-1890,67353 Klein Walk,Apt. 980,Delgadoport,Louisiana,97939,Guadeloupe,1984-08-15,2023-02-11
197,Jacqueline,Young,jessica03@gmail.com,2316299513,464 Darren Tunnel Suite 064,Suite 696,East Briannafort,Oregon,98956,Belgium,1988-06-04,2021-04-22
198,Robert,Miller,gmiller@barker-barnes.com,791.838.7279,189 Francis Squares,Suite 816,Duncanville,Florida,46273,Monaco,1993-09-27,2022-10-25
199,Eileen,Lopez,boyerdarin@gmail.com,(321)478-0636x792,990 Gibson Creek Apt. 703,Apt. 062,South James,Tennessee,86169,Marshall Islands,1947-09-17,2020-12-06
200,Brandon,Brown,kathryngilbert@hotmail.com,001-608-083-8950x21813,275 Valerie Harbors,Apt. 160,Lake Debra,Louisiana,17012,Holy See (Vatican City State),1989-06-30,2023-11-06
201,Sean,Little,amy67@yahoo.com,001-265-316-3237x964,1991 Burgess Divide,Apt. 823,Murraytown,North Dakota,83676,Bulgaria,1989-03-24,2022-03-30
202,Jonathon,Thompson,barberwendy@davis.org,(244)653-3362x643,859 Hurst Village Apt. 573,Suite 776,South Rebeccatown,Kentucky,74493,Guyana,1945-04-21,2021-10-11
203,Eric,Bishop,santanajimmy@gmail.com,(055)904-3720,8090 Deborah Expressway Suite 261,Suite 549,North Jenniferchester,Florida,48865,Timor-Leste,1998-10-27,2022-06-25
204,Allison,Salazar,christopher96@anderson.org,001-283-576-3822x789,23727 Billy Fords Apt. 408,Suite 031,Briannaborough,Oregon,25156,Guadeloupe,1972-06-21,2020-11-16
205,Tony,Bush,kenneth29@taylor.com,(090)620-3963,8378 Heather Via,Apt. 667,Andreaport,Idaho,51639,Pitcairn Islands,1983-04-08,2020-08-07
206,Anna,Hunt,dustin94@gmail.com,068.814.7057x0722,3321 Kelly Prairie Suite 442,Apt. 012,Gonzaleztown,Rhode Island,11601,Iceland,2000-07-19,2022-07-03
207,Karla,Mitchell,rachelbeck@gonzalez.com,001-957-501-3901x643,908 Roberto Motorway,Suite 850,East Tamara,Massachusetts,56746,Samoa,1950-02-10,2023-03-16
208,Nicole,Rich,wgregory@hotmail.com,535-786-8336,4623 Johnson Square,Apt. 340,Hollyborough,Vermont,15736,Hungary,1997-08-23,2020-02-25
209,Troy,Gomez,roachholly@hotmail.com,770-730-3349,847 Griffin Hollow,Suite 554,Port Carrie,Michigan,49679,Liberia,1969-01-09,2023-08-13
210,Larry,Ellis,adamthomas@gmail.com,217.966.2001x17911,399 Flowers Streets,Apt. 179,Port Cesar,Hawaii,79830,Armenia,1981-01-27,2024-03-17
211,Steven,Welch,fmartinez@williams.com,654.098.9788,6267 Sutton Gardens Suite 302,Apt. 324,Marialand,Mississippi,16077,Bermuda,1998-08-08,2021-08-04
212,Lisa,Black,elizabeth73@hotmail.com,001-515-404-0065x0795,6823 Small Bridge,Apt. 756,South Jackie,New York,72633,Ecuador,1966-12-24,2020-06-20
213,Nancy,Huber,craighenry@yahoo.com,(328)992-4772,31064 Donald Curve,Apt. 421,East Elizabeth,South Dakota,24177,Martinique,1989-09-15,2022-06-12
214,Lisa,Blevins,justinlong@gmail.com,421.321.4775,7987 Hayes Dam,Apt. 547,Johnsonhaven,South Carolina,91827,Tanzania,1954-10-31,2023-08-12
215,Jacob,Spears,finleyrebekah@gmail.com,+1-023-530-0429x0745,58073 Christina Courts Apt. 911,Suite 463,New Michaelberg,Louisiana,18143,Liechtenstein,1959-07-25,2021-11-25
216,Yvonne,Villa,qthomas@herrera.com,001-164-565-6553,8581 Davis Expressway Suite 435,Suite 930,Richardtown,Pennsylvania,19790,Bosnia and Herzegovina,1954-12-13,2024-03-01
217,Cynthia,Carpenter,ymccann@hotmail.com,473.004.5299x74630,601 Lucero Station,Apt. 115,Port Joshuatown,South Carolina,66981,Malawi,1953-02-11,2023-04-08
218,Christopher,Henry,marissa66@martinez.com,(842)649-4051,261 Greene Brook Apt. 585,Apt. 383,East Ashleytown,Mississippi,57079,Mexico,1948-02-10,2020-05-05
219,Jessica,Padilla,christina89@clark-harris.com,001-558-593-8340,739 Carroll Parks Apt. 143,Suite 241,Fernandezport,Maine,23046,Cambodia,1989-09-30,2021-11-23
220,Valerie,Lewis,rmartinez@curry-jackson.com,258.394.5365x86556,3195 Lindsey Isle Apt. 725,Apt. 066,North Veronicachester,South Dakota,49297,Lebanon,1968-06-03,2022-08-10
221,Richard,Adams,codygray@clay.com,(438)141-5728x7814,136 Barry Mountains,Apt. 062,East Zachary,Maine,56912,Algeria,2003-03-15,2020-06-01
222,Erika,Williams,travislee@palmer.com,214.580.5802,003 John Ridges Suite 337,Apt. 635,Port Christopher,Ohio,84934,Argentina,1983-02-05,2021-11-06
223,Leslie,Martin,qhancock@hotmail.com,(719)363-4009x589,8634 Molly Corner Apt. 165,Suite 748,Patriciabury,Virginia,50969,United Arab Emirates,1953-03-15,2023-12-17
224,Jason,Smith,belltina@gmail.com,+1-450-890-9637x74260,02646 William Coves,Suite 364,North Amyfurt,Texas,46942,Suriname,1960-05-25,2020-04-21
225,Jennifer,Pena,scottholmes@petersen.com,361.141.5261,821 Sanchez Road,Apt. 040,Robertstad,North Dakota,85114,Lesotho,1967-02-06,2020-05-21
226,Aaron,Taylor,rdavis@hotmail.com,312-338-5183,3062 Bryant Estates Suite 419,Apt. 080,South Christopherport,Washington,27837,Bermuda,2001-08-02,2023-12-16
227,Mackenzie,Buchanan,umurphy@hotmail.com,+1-438-341-3973x19509,22606 Perkins Throughway Apt. 658,Suite 001,Hoganberg,Delaware,64469,France,1975-08-04,2021-09-06
228,Allison,Becker,mendezmargaret@yahoo.com,230-879-8593x6295,2080 Carter Park,Suite 242,Crystaltown,Michigan,24803,Denmark,2004-10-01,2023-01-01
229,Connor,Arellano,michelleortiz@vincent.com,001-882-713-7579x64207,18489 Juan Mill Apt. 307,Apt. 688,Janetfort,Pennsylvania,30054,Wallis and Futuna,1988-10-15,2022-05-04
230,David,Sanders,jocelyn21@morris.com,019-058-7697x130,7211 Lori Road,Apt. 449,West Julie,Arkansas,02371,India,1976-03-11,2022-03-09
231,Debra,Morse,adrienne66@johnson-alexander.com,(645)895-2521x514,06632 White Corner Apt. 292,Suite 930,East Keith,South Carolina,23037,Kuwait,1994-11-10,2020-12-12
232,Morgan,Chavez,mariaburns@richards.biz,(615)926-8445x290,82430 Ronald Port Suite 330,Apt. 668,West Lisa,Hawaii,37265,Wallis and Futuna,1958-04-04,2021-01-01
233,Joshua,Morgan,darrylmoore@yahoo.com,371-534-7263,1595 Laura Islands,Suite 290,South Gabriellefurt,Louisiana,69078,Heard Island and McDonald Islands,1991-09-05,2020-04-06
234,Tiffany,Garcia,maryevans@yahoo.com,+1-887-272-7785,4570 Richardson Unions,Apt. 062,Millerhaven,Ohio,18364,Barbados,1952-05-04,2024-05-29
235,Craig,Andrade,deborah11@sanchez-williams.org,+1-980-321-5676x98609,69024 Rojas Turnpike,Suite 974,North Alice,North Dakota,32166,Macedonia,1971-08-28,2023-03-08
236,Melissa,Norton,vunderwood@scott.com,224-292-7195x99389,113 Williams Ridges Suite 356,Apt. 620,Fischerburgh,Alabama,44753,Cuba,1968-04-04,2020-08-15
237,Randy,Morris,stephaniesantos@sanchez.com,(529)897-8166x4579,1728 Anthony Groves Apt. 715,Apt. 748,Rogersland,South Carolina,48352,Brazil,2002-07-11,2023-06-14
238,Christopher,Bryant,carlosramirez@dean-ray.com,+1-567-127-7723x21529,203 Nicole Cliff,Suite 517,South Christopherborough,Wyoming,71505,San Marino,1998-05-29,2023-12-20
239,Joshua,Nguyen,ericksondonald@yahoo.com,298.733.8672x09844,672 Hunter Ford Apt. 778,Suite 744,Johnmouth,Louisiana,79666,Malawi,1998-11-16,2020-02-04
240,Shawn,Johnson,marvin66@terrell.com,107.460.4708x77985,08036 Kristin Street,Suite 405,East Mark,Montana,34013,Antarctica (the territory South of 60 deg S),1982-09-03,2022-05-02
241,Laura,Williams,watkinsdouglas@lewis.com,+1-768-490-1133x3458,24530 Rogers Mountain,Suite 748,Katherineberg,Alaska,90632,United States of America,1990-07-10,2021-10-10
242,Michelle,Wood,jenniferbaldwin@hotmail.com,(863)381-0502,554 Thomas Courts,Suite 372,Jacquelineland,South Carolina,39093,Turkey,1957-04-21,2021-06-06
243,Dennis,Clark,kennethwallace@hotmail.com,670-259-1426x6775,0513 Isaac Ports,Apt. 489,North Mario,Georgia,19251,Georgia,1951-03-26,2020-05-29
244,Abigail,Warren,laurengreen@yahoo.com,001-923-559-2966x5586,154 Ashlee Squares,Apt. 270,Lake Jennifermouth,Arkansas,20368,Latvia,2001-01-18,2024-01-01
245,Debra,Lopez,dustin06@west.net,(714)630-8734,056 Edwards Extensions Apt. 633,Apt. 644,Amyshire,Delaware,77155,Guam,1993-09-09,2020-07-17
246,Michael,Harris,kcarr@hotmail.com,0490093855,992 Hunter Valleys,Suite 611,Carrollview,Kansas,70076,Albania,1962-08-07,2021-11-26
247,Monica,Chambers,maryadams@zimmerman-gonzalez.info,(189)402-0185x194,29024 Allen Walk Suite 803,Suite 774,South Scottmouth,Maryland,88687,French Polynesia,1974-04-20,2023-03-19
248,Joshua,Fitzgerald,fanderson@yahoo.com,(593)906-8566,709 Elizabeth Row Apt. 300,Suite 483,Rachelberg,Utah,69249,French Guiana,2001-04-20,2023-03-06
249,Andrew,Collins,clarkjose@valencia.com,+1-671-807-4151x75866,07083 Cross Dale Suite 437,Apt. 350,Martinezport,Delaware,09422,Heard Island and McDonald Islands,1966-05-21,2023-10-21
250,Billy,Heath,markchan@gmail.com,890-266-5009,99475 Perry Glen,Apt. 018,South Christian,South Dakota,29188,Finland,1954-07-12,2023-06-06
251,Erin,Scott,michaelle@alexander-mcdaniel.com,(527)497-5415,05772 Collin Curve,Apt. 747,Reedtown,Kansas,98100,Turkey,1949-12-11,2020-12-02
252,Angela,Cooper,lortiz@gmail.com,(707)645-3053,0187 Arnold Radial Suite 312,Suite 962,West Christopherland,Washington,94818,Reunion,1963-07-14,2023-03-10
253,Stacey,Marquez,aanderson@trevino.biz,+1-813-642-0695x972,021 Linda Rue,Apt. 344,Port Kathyview,Illinois,31745,Egypt,1974-12-21,2020-09-21
254,Sheena,Williams,sbrown@jackson.com,001-643-845-9569,760 Jerry Port Apt. 769,Apt. 724,Jenniferport,Hawaii,16125,Trinidad and Tobago,1954-04-11,2023-02-04
255,Renee,Villa,aaronmorgan@chavez-gonzalez.com,+1-961-630-3758x383,3980 Gray Divide Suite 131,Suite 612,West Jonathan,Maine,27434,Senegal,1982-08-04,2021-11-15
256,Bobby,Jones,amy76@gmail.com,731.224.5209x9862,6221 Timothy Isle,Suite 717,North Matthewchester,Montana,10408,Hungary,1960-03-17,2024-06-15
257,Kara,Murray,rodriguezjenny@gardner-mason.com,(704)754-6968x1674,1681 Cory Point,Apt. 871,Lake Connieview,South Carolina,88152,Micronesia,1977-09-04,2020-07-02
258,Jacqueline,Hardy,gardnerkeith@sanchez.com,064.979.9765,644 Blake Islands Apt. 595,Apt. 955,Bartonberg,Pennsylvania,36182,Panama,1977-01-06,2023-03-23
259,Diana,Williams,gabrielscott@hotmail.com,001-592-549-7283x4172,12528 Kristie Circles Suite 880,Suite 858,Ryanhaven,Maryland,35361,Micronesia,1978-01-26,2023-04-28
260,Jennifer,Lamb,kbush@castro.com,125-879-0892x634,281 Robinson Lakes Suite 076,Suite 825,Kelliestad,Oklahoma,05402,Serbia,1969-01-02,2023-06-03
261,Raven,Werner,christopher63@cummings-perez.org,9505513186,69034 Chan Mountain,Suite 398,Collinsview,Montana,62274,Syrian Arab Republic,1950-08-13,2021-06-23
262,Danielle,Stevens,ronalddrake@hotmail.com,6943281583,36175 Sergio Circles Suite 783,Suite 234,East Sarahstad,Idaho,84234,Libyan Arab Jamahiriya,1986-06-24,2023-01-28
263,Nathan,Wilson,justinpalmer@yahoo.com,001-386-260-4410x744,3170 Kevin Turnpike,Suite 778,Margaretfurt,Minnesota,36626,Kenya,1974-07-29,2021-08-06
264,Amanda,Miller,melvin22@gmail.com,001-506-090-3902x13866,164 Vang Points,Apt. 583,Vegatown,Florida,71136,Sierra Leone,1955-05-13,2024-06-05
265,Jared,Garcia,dawn57@hotmail.com,001-511-351-2283x789,50107 Catherine Isle Suite 303,Apt. 381,Wilkersonview,Minnesota,65184,Thailand,1974-03-16,2023-04-22
266,Brenda,Cannon,andrewgarcia@hotmail.com,+1-169-838-5486x719,7589 Crystal Garden,Apt. 849,Jakebury,South Carolina,57614,Algeria,1945-06-19,2024-03-04
267,Alan,Gutierrez,lisabean@rivera.info,6154800521,95990 Kayla Isle Apt. 788,Suite 190,New Collinville,Georgia,30189,Gabon,1975-02-10,2023-06-17
268,Edward,Calhoun,alexander93@gmail.com,580.583.9351,840 Angela Rapids Suite 084,Apt. 792,Jacobfurt,Maryland,55205,Nepal,1949-01-18,2023-10-04
269,Mathew,Alexander,donnaball@hotmail.com,+1-101-576-6755x02718,30504 Bishop Views,Suite 591,East Laurafort,New York,76536,Ukraine,1989-04-16,2022-02-01
270,Kristine,Jones,jared60@hotmail.com,265-076-9257x73599,9074 Fox Park Suite 688,Suite 450,Yorkshire,New York,81209,United Kingdom,1993-07-08,2021-03-18
271,Jennifer,Simmons,jocelyn03@hotmail.com,001-093-813-1926x73499,7559 Megan Port,Suite 764,Port Jeffreyburgh,Delaware,08834,Palau,1952-10-25,2023-09-05
272,Matthew,Fischer,gcole@hotmail.com,070-020-7236,01905 Michael Street Suite 677,Suite 914,North Angelica,South Carolina,84232,Fiji,1995-09-13,2020-06-10
273,Christine,Calderon,haaschristopher@yahoo.com,(032)803-1280,81609 Torres Mall Apt. 042,Suite 041,Michaelberg,Delaware,15905,Saint Vincent and the Grenadines,1954-03-09,2023-05-18
274,Blake,Williams,sharrington@hotmail.com,687.907.8640,5393 Alexander Plaza Suite 828,Apt. 803,New Heathermouth,Illinois,21520,Lithuania,1951-07-27,2023-01-09
275,Frank,White,todd68@burton.com,001-727-313-7056x16269,8883 Raymond Views Suite 036,Apt. 354,East Gabrielle,Montana,75467,Heard Island and McDonald Islands,1987-04-03,2021-07-16
276,Tina,Burns,raymondsummers@yahoo.com,001-864-268-4816x1508,335 Martinez Plaza,Suite 060,New Matthewtown,Texas,38026,Seychelles,1981-04-19,2021-11-07
277,Keith,Anderson,tkelley@yahoo.com,469.775.7883x0533,477 Roberts Springs,Suite 869,Carolinehaven,Washington,06184,Macedonia,1953-06-13,2023-03-03
278,Ralph,Pitts,benjamin77@jones-perez.com,466-442-0329x7388,97551 Quinn Crossroad Apt. 494,Apt. 902,Lopezhaven,Idaho,45930,Cayman Islands,1950-09-21,2020-11-04
279,Amy,Michael,vjohnson@white.com,+1-770-987-0091x39183,33652 Alexander Rapid Apt. 068,Suite 501,Michaelside,Georgia,94857,New Zealand,2005-07-14,2022-08-10
280,Kelly,Flores,sherryjohnson@mayo.biz,(694)234-9974,78106 Samuel Track Suite 746,Apt. 813,Westmouth,Colorado,28725,Luxembourg,1996-07-29,2023-07-01
281,Timothy,Graham,keithalexander@hotmail.com,243-863-3082x495,157 Richard Viaduct,Apt. 193,New Kennethfort,North Dakota,86173,Yemen,1969-11-12,2020-09-22
282,John,Hawkins,timothyhuang@guerrero.com,430.891.7483,113 Allen Pass Apt. 210,Apt. 866,Brownchester,Kansas,47401,Tuvalu,1949-02-01,2022-08-17
283,Brandon,Mitchell,peter94@yahoo.com,5667856448,11213 Marks Union,Apt. 295,South Alice,New Mexico,17203,Syrian Arab Republic,1966-01-29,2020-04-09
284,Hayden,Weaver,browndebra@yahoo.com,594-005-1659x7758,299 Lopez Brook Suite 937,Suite 497,Port Annshire,South Carolina,49358,Liberia,1979-03-07,2021-09-05
285,Alexandra,Harris,jschultz@gray.biz,(206)931-2344,77508 Chad Streets Suite 217,Apt. 155,North Annabury,Rhode Island,77471,Ethiopia,1990-01-20,2023-07-31
286,Chad,Phillips,nortonchristopher@phillips.com,943.408.2395x593,013 Yvette Burgs,Apt. 262,West Dalefurt,Iowa,96721,Yemen,1979-11-07,2020-07-04
287,Richard,Ramos,moorebrittney@harrison.org,174.366.0606x1735,4301 Montoya Ford,Apt. 571,Patelburgh,Kansas,09534,Aruba,1951-06-08,2024-06-03
288,Mark,Jacobs,mezaann@jones.org,2787680223,695 Jeffrey Viaduct Apt. 499,Suite 564,Lake Adam,Vermont,40382,Palau,1968-10-15,2023-12-03
289,Robert,Herrera,lorimichael@miller-wells.info,101.800.8515x0378,5735 Bennett Rapids Apt. 267,Apt. 460,North Carrie,Oklahoma,73185,Saint Vincent and the Grenadines,1970-12-04,2023-05-03
290,Cory,Green,taylornathan@dixon-miller.net,934-403-7235,4181 Mcgee Plain Apt. 565,Apt. 808,South Rogerland,Kentucky,21406,Tuvalu,1991-11-15,2023-01-03
291,Regina,Hall,clintonmoody@kemp-rice.com,+1-007-586-0080x2813,309 Rowe Curve,Suite 170,Davishaven,Ohio,99175,Benin,1995-12-30,2020-04-08
292,Thomas,Wilson,john12@hotmail.com,888.303.7020x2737,89420 Alvarez Port Suite 286,Suite 951,Gonzalezfort,Oregon,63927,Japan,1996-05-09,2024-05-28
293,Mary,Logan,jill58@yahoo.com,586-979-3314,01329 Ramirez Mission,Apt. 462,Andreaborough,Florida,82161,Italy,1971-08-04,2021-09-02
294,Theresa,Garcia,smithjonathan@schwartz.com,001-676-244-9403x3370,455 Joshua Keys,Suite 612,New Rosshaven,Michigan,52172,Colombia,1972-07-28,2022-05-20
295,Matthew,Quinn,restrada@yahoo.com,651-705-7704,68877 Sandy Club,Apt. 525,Sanchezport,Oklahoma,14879,Holy See (Vatican City State),1988-03-30,2021-07-24
296,Timothy,Wright,jacksondiane@morris.info,001-432-984-4811,47939 Peters View Suite 984,Suite 748,West Crystal,Kentucky,85234,Saint Lucia,1953-10-30,2023-12-24
297,Holly,Mitchell,manuel19@vaughn.com,(681)594-4677x66641,52820 Tonya Forks,Apt. 121,Lake Cherylmouth,Colorado,66875,Vietnam,1956-12-09,2024-03-24
298,Ronald,Fitzgerald,cgrant@hotmail.com,(888)996-0526,8151 Gonzalez Course Apt. 172,Apt. 061,Jenkinston,Michigan,71169,Vanuatu,1966-11-25,2022-08-01
299,Kevin,Keller,phillipburch@yahoo.com,001-840-500-0353x1303,1729 Hicks Curve Apt. 100,Apt. 184,Leonardshire,New Mexico,90591,Jamaica,1974-06-02,2021-10-19
300,Jessica,Harmon,samanthawilliams@yahoo.com,+1-992-588-4617x2690,7378 Maria Street Suite 368,Apt. 955,Wrightport,South Carolina,78751,United States Virgin Islands,1954-05-19,2022-07-29
301,Patricia,Robertson,deborah04@rios.com,(297)500-4389x826,93643 Hernandez Harbor,Suite 533,Carlastad,Alaska,35873,Fiji,1957-05-31,2020-01-14
302,Samantha,Trevino,sara81@gmail.com,+1-797-335-7958x684,25861 Sandra Lane Apt. 264,Suite 498,Arielbury,Georgia,74555,Ethiopia,1998-05-24,2021-10-10
303,Courtney,Martinez,monicabishop@gmail.com,(447)910-0468x63069,50475 Jennifer Ridges,Suite 908,South Rita,Nebraska,95527,Norfolk Island,1999-12-24,2021-10-27
304,Nicholas,Brewer,lisa04@gmail.com,057.358.5990x03767,103 Victor Vista,Suite 825,Matthewborough,West Virginia,51503,Faroe Islands,1987-03-08,2024-02-12
305,Terri,Wilson,markwu@aguilar.com,001-449-104-1138x9532,7111 Cody Lodge Apt. 373,Suite 845,Farmerfort,New Hampshire,28887,Thailand,2000-06-26,2022-07-15
306,Danielle,Mclaughlin,qliu@watkins-nixon.com,615.012.1167x6257,20620 Jordan Lake,Suite 105,Fernandofort,Mississippi,27293,Malta,1985-10-17,2022-01-16
307,Cameron,Howard,wisealvin@yahoo.com,8345932689,066 Morris Isle Suite 556,Apt. 671,New Chris,Wisconsin,79918,American Samoa,1975-05-28,2024-02-11
308,Christopher,Leonard,obooth@becker.biz,416-851-4539x6510,88819 Reid Freeway Apt. 414,Apt. 448,Nancyview,Texas,70882,Azerbaijan,1998-09-28,2020-05-23
309,Kara,Warner,christinasnyder@martin-shelton.biz,+1-703-141-9460x4196,79240 Morton Roads Apt. 141,Suite 885,West Scottborough,Montana,34032,Angola,2006-01-03,2024-03-16
310,Bruce,Guerrero,johnnyhaynes@gmail.com,853.271.8618,3594 Rebecca Port,Apt. 332,Schmidtport,South Carolina,54033,El Salvador,1981-09-10,2021-03-21
311,Alan,Walker,rhonda21@wright.com,(817)325-2904,877 Anderson Views,Apt. 051,Davisborough,Vermont,23444,Belize,1948-03-01,2020-06-14
312,Phillip,Decker,amanda67@yahoo.com,(603)817-2377x06143,66103 Nguyen Village Suite 670,Suite 758,Russellton,Arizona,21052,Romania,2006-02-10,2021-10-06
313,April,Allen,catherine44@mitchell.net,001-631-116-3401,903 Murphy Springs,Apt. 252,Lake Belinda,South Carolina,02914,Chad,1973-01-19,2023-04-14
314,Shane,Holmes,pnelson@bowen-sanford.biz,(839)060-2121x753,7084 Yolanda Ville,Apt. 933,Brittanyside,Minnesota,72192,Cocos (Keeling) Islands,1980-12-09,2021-01-02
315,Tracy,Leonard,jennifer00@shelton-price.net,+1-241-654-5981x336,216 Murphy Flats Apt. 414,Apt. 326,North Teresa,Tennessee,19845,Colombia,1943-10-21,2022-08-29
316,Brenda,Hall,jwarren@hotmail.com,(291)334-6460x06640,22924 Cummings Track Suite 421,Apt. 078,Samanthaland,Idaho,98601,Guinea-Bissau,1959-05-16,2024-03-11
317,Erin,Fuller,lindafischer@hotmail.com,(101)904-0068x9827,3277 Dawn Circles Apt. 559,Apt. 928,Laurieburgh,Maryland,18072,Greece,1967-05-18,2024-05-23
318,Rodney,Mitchell,kylejones@gmail.com,190-633-3011,27587 Maxwell Highway,Suite 238,Port Craig,Nevada,15744,Gibraltar,1970-09-20,2022-10-18
319,Micheal,Jackson,ffuller@mathis-dalton.com,+1-337-585-5906x66976,412 Travis Oval,Suite 838,South Sara,New York,10781,Palau,1970-11-20,2022-06-22
320,Vanessa,Pacheco,travis83@gmail.com,203-366-2748x80653,29392 Smith Throughway Apt. 376,Suite 532,Shannonhaven,Hawaii,99433,Vietnam,1959-06-16,2022-06-25
321,Jose,Tran,phillip89@gmail.com,6521356552,718 Garcia Mountain Apt. 070,Apt. 831,Daniellefort,Maine,02139,Mali,1993-06-23,2023-12-15
322,Kimberly,Murphy,williamthomas@yahoo.com,936.169.8934,3126 Glenn Knolls,Suite 575,Paultown,Oklahoma,25237,Saint Kitts and Nevis,1996-07-17,2021-03-14
323,Ryan,Richards,johnsonthomas@mills.com,2945585967,950 Julie Groves Apt. 424,Suite 101,Angelaport,Louisiana,30588,Solomon Islands,1972-12-03,2022-02-26
324,Michael,Johnson,turnersamantha@yahoo.com,(513)553-0581,8005 Estrada Circle Apt. 535,Apt. 114,Branchport,Mississippi,31825,Macao,1962-03-18,2020-01-25
325,Caleb,Anderson,riveranicole@hotmail.com,(490)142-7441x819,91258 Michael Dale Apt. 495,Suite 553,Lake Victorborough,New Jersey,59241,Isle of Man,1991-04-26,2021-05-20
326,Michelle,Foster,diane95@townsend.info,(911)839-0285,15140 Alicia Oval Apt. 599,Apt. 652,Lake Jacobburgh,North Carolina,41805,Grenada,1976-06-21,2022-05-01
327,Jacqueline,Daugherty,fchen@yahoo.com,001-112-925-2487x438,6599 Dakota Drive,Apt. 730,New Tashahaven,Georgia,14427,Mongolia,1968-09-24,2023-02-28
328,Rebecca,Dixon,freynolds@yahoo.com,001-043-536-7540x92434,0557 Romero Fork Suite 359,Apt. 839,Ashleyton,Michigan,96692,Dominica,1955-12-21,2023-10-15
329,Shannon,Jones,wpacheco@fuller-lee.com,235-281-1759x1342,11683 Davis Overpass,Apt. 938,New Charles,West Virginia,48586,Nauru,1945-04-07,2021-04-21
330,Erica,Hubbard,smorris@cooper-martin.com,4001445662,96289 Patrick Throughway,Suite 242,Hallstad,Kentucky,25723,Nicaragua,1981-07-29,2022-11-30
331,David,Harrington,tylerdavis@hotmail.com,+1-981-967-5497x1761,340 Luis Canyon Apt. 416,Suite 389,Powellberg,Connecticut,83253,South Georgia and the South Sandwich Islands,1993-11-15,2023-03-19
332,Raymond,Hampton,grant52@yahoo.com,(147)426-9296x32281,94628 Margaret Harbor Apt. 603,Apt. 505,Bishopland,Illinois,18001,Gambia,1966-01-18,2024-06-05
333,Jared,Hudson,rodriguezmarc@yahoo.com,354.477.8905,109 Brianna Turnpike Suite 230,Suite 263,Harrisonfurt,Missouri,97731,Singapore,1967-09-21,2022-08-11
334,Bobby,Dominguez,melissa03@hotmail.com,468-790-4603x134,978 Matthews Key Suite 167,Suite 411,West Kelly,Wyoming,85943,Saint Lucia,1963-07-15,2024-04-19
335,Stacy,Lewis,geoffreygrant@yahoo.com,+1-830-619-8314x1966,769 Monique Spur Suite 064,Suite 991,South Jesus,Georgia,58640,Bouvet Island (Bouvetoya),1997-12-04,2023-04-03
336,Jason,Oconnor,marquezpaula@rodriguez.info,710-425-7334,3094 Brooks Road,Suite 007,Jenniferview,Nebraska,53770,Nicaragua,1961-02-26,2023-09-20
337,Dustin,Cabrera,jasminebrown@gmail.com,(322)737-2254x024,32499 Brown Lodge Apt. 740,Apt. 704,Boyerfurt,North Dakota,27313,Bhutan,1968-12-02,2022-04-06
338,James,Wolf,conleycathy@campbell.org,+1-178-836-3780x5164,70055 Johnathan Throughway Suite 144,Suite 253,Smithshire,Minnesota,05784,Wallis and Futuna,1997-01-28,2022-03-08
339,Nicholas,Gomez,melissayoder@barrera-schmidt.com,001-917-531-2106,672 Perez Shoal Suite 034,Apt. 661,East Aimee,South Dakota,60563,Djibouti,1963-01-01,2022-06-03
340,Amy,Garza,deborahpowell@gmail.com,595-125-4818,0537 Connie Crossing Suite 932,Apt. 484,Port Melvin,Illinois,45033,Albania,1949-01-25,2021-04-09
341,Edward,Fuller,lewisabigail@lowe-bryant.com,(562)205-4334,0490 Adam Roads,Apt. 198,Port Zachary,Illinois,87661,French Southern Territories,1957-10-12,2020-10-11
342,Vanessa,Lester,trobles@yahoo.com,084.819.0329x602,12190 Smith Coves,Apt. 827,Arthurtown,New Jersey,85131,Bulgaria,1947-03-02,2020-07-04
343,Tonya,Rodriguez,michaelporter@brown.biz,678.758.7714x163,7163 Parks Road Suite 547,Apt. 906,South Eric,Ohio,93070,Thailand,1974-06-08,2023-03-03
344,Eddie,Flowers,karen15@gonzalez.net,001-115-166-6357x05824,597 Perez Ridges,Apt. 003,East Patrickstad,Maryland,64487,United Arab Emirates,1959-03-23,2022-09-26
345,Richard,Fox,ldalton@hotmail.com,902-028-4569x4633,144 Matthew Corners,Suite 258,Johnsonland,North Carolina,06691,Italy,1984-03-31,2023-01-06
346,Erin,Howard,kim09@hotmail.com,752-042-4389x61677,8223 Raymond Falls Suite 583,Apt. 632,Lake Kathy,Idaho,52757,Guinea-Bissau,1944-03-13,2022-06-29
347,Natalie,Bryant,james81@gonzales-rodriguez.info,(610)340-3922x62369,881 Autumn Views,Apt. 479,North Donald,North Dakota,55158,Botswana,1946-01-29,2024-05-04
348,Tyler,Smith,ystewart@yahoo.com,020.092.4449x63110,22836 Warren Hills,Apt. 703,Richardville,Alabama,82747,Saint Pierre and Miquelon,1949-11-16,2024-03-29
349,Sally,Robinson,victoria28@rojas.com,388-058-1853x9817,72516 Wanda Rapids,Suite 611,Christopherbury,New Hampshire,75540,Bahamas,1993-03-08,2021-09-19
350,Marcus,Delgado,hoffmanandrew@hubbard.com,789.979.9739x1880,953 Emily Camp,Suite 006,West Andrew,South Carolina,17615,India,1989-11-11,2021-05-05
351,Vernon,Guerrero,elizabeth10@gmail.com,+1-006-967-3050x693,465 Megan Brooks,Apt. 089,West Sabrina,Maryland,98265,Cayman Islands,1972-04-25,2023-11-15
352,Victor,Simpson,stephanie89@rollins.com,919.149.6243x0268,45895 Garcia Unions,Suite 575,Richardville,Wisconsin,85756,Palau,1951-09-12,2022-02-24
353,Elizabeth,Ashley,blackwelljoann@hernandez-harris.org,502.676.1640,4980 Sims Dale,Apt. 760,Kevinberg,Mississippi,98864,Faroe Islands,1960-07-30,2020-03-29
354,James,Castillo,karen47@mills-henry.com,326-925-3805x660,0139 Brian Walk,Apt. 285,Johnton,Florida,24383,Saint Lucia,1966-02-14,2021-07-22
355,Chelsea,Edwards,vmoody@yahoo.com,152.781.8178,51550 Jones Points Suite 461,Apt. 937,Lake Amystad,South Carolina,82817,Azerbaijan,1997-09-18,2020-03-31
356,Jeffery,Abbott,wbraun@yahoo.com,(702)827-3726x480,5568 Heather Shores Suite 777,Apt. 507,Lake Dylan,Washington,06784,United States Virgin Islands,1991-09-01,2022-11-17
357,Matthew,Green,maryreeves@powell-stevenson.com,237.126.9136x744,590 David Path Apt. 875,Suite 977,Tiffanyfort,South Carolina,21872,Tokelau,1990-11-04,2023-04-08
358,Sydney,Munoz,klee@everett.com,117.663.2510x43512,34542 Wagner Islands Apt. 141,Apt. 693,Parkerstad,Iowa,59498,Cocos (Keeling) Islands,1965-01-14,2020-07-08
359,Rachel,Warner,dorismartinez@hamilton.com,+1-386-040-1969x16888,49820 Katelyn Falls,Apt. 051,New Wesley,Maryland,19618,Namibia,1989-10-18,2023-12-02
360,Lisa,Underwood,warnervirginia@sharp.com,9113169990,107 Williams Terrace,Apt. 401,West Lisa,Indiana,65568,South Africa,1965-03-01,2022-07-14
361,Austin,Floyd,michael16@martinez-berry.net,(596)078-4570x4044,6029 Pham Harbor Apt. 941,Apt. 073,North Kimberly,Tennessee,57549,Rwanda,1993-04-13,2020-12-10
362,Eddie,Cruz,kathrynhudson@mitchell.com,243.813.3761,37477 Mary Falls Suite 963,Suite 674,South Justin,Connecticut,72305,Iran,1995-10-14,2023-05-26
363,Jonathan,Brown,gregorywatts@sparks-nguyen.info,8221268837,507 April Circle Apt. 041,Apt. 615,Mcdanielton,Iowa,13432,Gambia,1990-07-09,2021-05-27
364,Kristen,Johnson,websterrandy@gmail.com,331.429.0644x8848,661 Andrew Run Suite 068,Apt. 678,South Richardshire,Michigan,58265,Dominica,1979-09-24,2022-08-14
365,Megan,Barber,ryan35@lawrence-murphy.info,+1-764-856-1917x125,301 Hall Lakes,Apt. 885,Donaldview,Wisconsin,59815,Seychelles,1968-06-30,2020-08-28
366,Brandi,Nixon,john05@yahoo.com,(164)624-8490x848,8072 Rosales Summit Apt. 982,Apt. 237,Manuelborough,Connecticut,64085,Gibraltar,1983-08-11,2022-10-10
367,Jennifer,Cooper,castrosherry@conner.com,(736)034-9419,77181 Baker Estate Apt. 438,Suite 999,West Kevinhaven,Pennsylvania,36497,Bangladesh,1988-04-26,2024-01-05
368,Lindsay,Alexander,erin71@fuentes-nelson.com,294.150.2265x501,681 Lucero Divide,Suite 102,Port Kristina,Maryland,80194,Samoa,1944-06-26,2020-11-30
369,Carl,Swanson,ztrevino@shepherd-anderson.com,(556)051-9959,9856 Smith Row,Apt. 863,Fergusonborough,Hawaii,40717,Mayotte,2006-03-24,2020-08-05
370,Christopher,Barrett,catherine77@gmail.com,271-987-2767x84736,3042 Kristen Wall,Apt. 871,Cooperborough,New York,14191,Senegal,2004-01-04,2024-05-30
371,Misty,Green,robertjohnson@gmail.com,076-294-5313x29607,38117 Huber Row,Suite 743,Joelbury,Montana,63114,Cuba,1968-03-26,2023-06-04
372,Benjamin,Powers,fisherkatherine@kane-mclean.com,+1-545-710-0546x93639,196 Lane Ferry,Apt. 741,Reginaldburgh,Florida,73314,Argentina,1964-03-23,2022-12-30
373,Jeffrey,Torres,david85@hotmail.com,001-191-490-6456x256,96830 Gibson Village,Apt. 221,Port Terrichester,Wyoming,71185,Antigua and Barbuda,1994-04-01,2021-07-08
374,Billy,Kelly,davisdaniel@fritz-robbins.com,+1-918-654-5192x733,961 Amanda Tunnel Apt. 511,Suite 744,Michaelview,California,85343,Angola,1959-02-14,2024-04-24
375,Alexis,Ryan,wrivera@king.com,720-925-0432,542 Erika Lakes Apt. 996,Apt. 996,Jennifertown,Delaware,19506,Ukraine,1994-12-26,2024-03-30
376,Megan,Oconnor,ohamilton@hotmail.com,857-919-9500,2548 William Gateway,Apt. 018,New Matthew,New Hampshire,52488,Bolivia,1988-11-02,2020-04-20
377,Mark,Hernandez,boydcaitlin@yahoo.com,116-769-5499x90343,38372 Foster Valleys,Apt. 633,Port Curtis,Kansas,70179,India,1955-08-16,2024-05-28
378,Eugene,Johnson,stephaniehart@yahoo.com,+1-808-708-0012x57781,181 Ramirez Drive,Apt. 115,Mooreview,Connecticut,09513,Kazakhstan,1952-04-16,2022-12-12
379,Eduardo,Burton,jessicacampbell@gomez.com,001-628-725-7217x07691,7012 Anne Fords Apt. 001,Apt. 786,Armstrongchester,Hawaii,12626,Nigeria,1943-12-16,2023-01-27
380,Diana,Johnson,jennifer92@yahoo.com,7911927290,07174 Joshua Estate,Suite 217,West Lisa,North Dakota,37762,Mali,1988-06-23,2020-11-21
381,Tanya,Williams,morrowsara@miller-rhodes.com,065-515-6791,6005 Angela Tunnel,Suite 480,North Joseph,Alaska,97647,Luxembourg,1978-12-25,2021-07-24
382,William,Perez,mariochavez@moran.com,3127076829,3121 Evans Pike Suite 797,Apt. 338,New Sarah,Washington,46882,Venezuela,2005-02-11,2020-01-24
383,Rachel,Valdez,nparsons@brown.org,+1-026-118-8339x0110,6895 Jesus Meadow,Suite 057,Sullivanhaven,South Carolina,71476,Lithuania,1972-03-17,2020-01-16
384,Wayne,Jones,travisbarrett@carter.com,001-953-515-2539x08871,944 Santos View Apt. 435,Apt. 123,North Timothy,Maine,45585,Korea,1997-10-10,2020-01-26
385,Audrey,Brown,stephensonchristine@hotmail.com,001-295-728-2752,4393 Robert Points Suite 018,Suite 341,North Nicholas,California,46291,Armenia,1980-06-04,2022-11-16
386,Erika,Stanton,beverlysmith@yahoo.com,2455349645,56316 Brandy Crossroad,Apt. 102,South Juan,Oregon,00953,Poland,1998-06-08,2022-10-08
387,Linda,Henderson,murphyjoshua@yahoo.com,+1-074-243-0747x015,8676 Kathryn Turnpike,Apt. 639,New Amy,Connecticut,94482,Saint Martin,1973-01-25,2024-05-11
388,Katherine,Stafford,anne50@smith.biz,001-398-363-6124x1428,595 Lynn Mountains,Apt. 118,Pamelafort,Colorado,84174,Korea,2000-01-04,2021-11-05
389,Vicki,Robinson,bhall@marshall.org,(976)663-8116,493 Graves Rapids Apt. 399,Suite 621,Lake Jefferyview,New York,24257,Palau,1978-11-04,2024-06-22
390,Julie,Graham,wongalexander@gmail.com,476-656-7630x14580,215 Cruz Radial Suite 501,Apt. 585,Reynoldsview,Washington,78900,Thailand,1985-03-07,2021-02-14
391,Rebecca,Howard,phillipharper@robinson.com,457-199-2091x63043,4387 Wagner Hill,Suite 860,Murrayfort,Hawaii,98423,Lao People's Democratic Republic,1978-07-04,2024-03-14
392,Jamie,Thompson,kvelasquez@yahoo.com,166-410-3480x1894,1993 Marquez Camp,Apt. 260,Hamiltonmouth,Mississippi,81553,Jamaica,2001-06-02,2023-10-20
393,Amanda,Murphy,crystal83@cain.biz,(333)411-3710,55496 Harris Drives,Apt. 771,Meredithfurt,Maryland,75234,Mozambique,1952-04-14,2023-03-01
394,Carmen,Hatfield,monroejames@yahoo.com,256.657.2990x3631,83733 Amanda Meadows,Suite 215,Jimenezland,Illinois,09359,Croatia,2000-02-03,2020-03-13
395,Margaret,Burgess,jasongonzalez@todd-rivera.com,819-476-3631x601,27135 Roth Burgs,Apt. 441,Hayleystad,Georgia,36560,Malta,1952-07-21,2024-04-25
396,Timothy,Reyes,barbaraperry@landry.org,542-290-3140x32696,021 Jimmy Motorway,Apt. 149,East Sean,Florida,17484,Sweden,1976-04-24,2023-09-26
397,Kylie,Ortiz,laurafloyd@yahoo.com,+1-517-916-7901x27643,742 Ruiz Mill Suite 934,Apt. 753,North Kimberly,Maryland,68965,Russian Federation,1949-01-21,2022-06-13
398,Paul,Baker,annramos@hotmail.com,001-642-117-0422x623,324 Samuel Prairie,Apt. 263,South Jeffrey,Kansas,88545,Iceland,1952-05-26,2023-07-17
399,Brenda,Schmidt,schneideralicia@gmail.com,001-162-327-5991x060,9981 Campbell Fall Suite 004,Suite 257,Port Jonathon,Indiana,99076,Samoa,1999-11-02,2023-12-25
400,Melissa,Fitzgerald,uwalker@gmail.com,(445)888-1351x50386,49795 Peters Mall Suite 122,Suite 035,Lisaport,Delaware,17549,India,1949-01-14,2020-02-28
401,Lauren,Parks,nicholeturner@wilson-harvey.net,001-191-819-4060x98661,88431 Simpson Stravenue,Apt. 216,New Jared,Hawaii,55169,Poland,1986-10-29,2024-02-26
402,Diane,Ford,wscott@taylor-robertson.info,(372)013-8284x973,07812 Evans Forks Suite 596,Apt. 535,New Hannahchester,Florida,61947,Philippines,1945-04-26,2020-01-27
403,Aaron,Williams,xhensley@gmail.com,(671)446-1886,000 Wilson Stream Suite 040,Apt. 078,Hallshire,Alabama,33896,Hong Kong,1953-02-01,2024-04-18
404,Hunter,Dorsey,james14@watson-carter.com,(911)243-7933x739,0168 Gonzalez Gardens Suite 115,Suite 784,North Sarahfurt,Vermont,29113,Fiji,1949-04-04,2023-11-17
405,William,Ortiz,justin53@krause.com,346.488.3497,053 Beck Avenue Suite 952,Suite 090,South Judy,Maine,41322,Australia,1943-10-17,2021-06-30
406,Jonathan,Myers,nicholsjohn@gmail.com,+1-927-305-1762x700,068 Courtney Stravenue,Apt. 445,Port Chelseatown,Oklahoma,26210,Equatorial Guinea,1979-02-04,2020-07-27
407,Cameron,Smith,ijohnson@hotmail.com,339.836.0373x888,54997 Rachel Harbor Apt. 874,Suite 913,Dennismouth,South Dakota,59190,Monaco,1971-03-02,2023-07-14
408,Michelle,Taylor,qcohen@harris.com,001-658-710-7313x872,83696 Paul Keys,Apt. 539,Nicoleborough,Maryland,39908,Bermuda,1999-09-17,2022-02-22
409,Sherri,Melton,harry14@hotmail.com,198-805-0429x1856,8388 Moore Neck,Apt. 506,Austinside,Washington,20387,Greece,1983-02-13,2023-03-18
410,Kevin,Palmer,toddphillips@hotmail.com,799.941.1753x01868,74734 Jackson Estate,Suite 731,Donnaborough,Idaho,14426,Malawi,1979-06-16,2020-08-25
411,Ricky,Oconnor,woodsjames@adams-murphy.com,001-395-675-4671,259 Larry Cape,Apt. 184,East Stephen,Alaska,03524,Andorra,1991-07-05,2021-04-26
412,Lisa,Hernandez,wmontoya@anderson.info,(843)322-5757x44075,259 Jennifer Pass Apt. 683,Apt. 836,Nortonview,Georgia,82065,Faroe Islands,1995-03-10,2021-08-02
413,Bryan,Rivera,timothy40@yahoo.com,(935)023-1562x316,963 Edwards Highway Suite 893,Apt. 174,Jeffreyside,Utah,95364,Jersey,2004-11-20,2021-11-02
414,Danielle,Larsen,ewatkins@melton.com,001-549-526-0921,0221 Church Freeway Apt. 961,Suite 266,Floydhaven,Delaware,84330,Brunei Darussalam,2000-07-28,2022-03-07
415,David,Hoover,lmcmahon@hooper-blankenship.org,7038375568,2175 Guerrero Roads Suite 108,Apt. 170,Angelamouth,Kansas,65076,Cote d'Ivoire,1970-08-27,2024-06-24
416,Justin,Wright,aandersen@richardson.com,(593)144-2035x472,0102 Nicholas Turnpike Suite 247,Apt. 287,West Brian,Iowa,31451,Mozambique,1974-07-24,2021-06-30
417,Maria,Johnson,kennethwashington@reynolds.org,(189)812-6660,6595 Palmer Lock Apt. 875,Suite 368,Port Dennis,North Carolina,15014,Ethiopia,1977-10-09,2022-04-18
418,Brian,Drake,howard05@garcia.org,946.123.8569x284,13154 Anna Run Suite 196,Apt. 863,Ramosfurt,Minnesota,12932,Kuwait,1981-04-08,2020-10-02
419,Barry,Jackson,navarropatricia@fitzgerald.net,(968)645-9060x497,52016 Michael Radial,Suite 852,Valerieside,Maryland,18692,Jamaica,1946-08-24,2023-02-13
420,Robert,French,matthew91@gmail.com,001-632-136-2498x734,49870 Gabriel Rue,Apt. 623,Gonzalezborough,Vermont,37299,Sri Lanka,2005-08-15,2022-05-23
421,Travis,Sutton,tgreen@robinson-chapman.com,338-530-9449x7848,41525 Bobby Summit,Suite 814,East Richard,Texas,68713,Mozambique,1989-08-16,2024-05-10
422,Michelle,Jackson,prattshannon@gmail.com,(651)025-1134x6970,611 Yoder Pines Apt. 089,Apt. 407,West Luisfort,Michigan,96733,Thailand,1988-04-02,2022-09-26
423,Jennifer,Miller,gonzalesjeanne@king-smith.com,+1-605-174-3576x7045,153 Moss Stravenue Suite 890,Suite 499,West Michael,Ohio,03526,Italy,1999-11-02,2024-04-25
424,Emily,Pennington,jessica56@smith.org,759-493-9391,69372 Roberts Square,Suite 620,Bobbytown,Wyoming,22824,Paraguay,1983-09-22,2022-06-02
425,Edward,Harper,bleon@hotmail.com,540.376.6582,13981 Brown Coves,Apt. 963,North Rachel,New York,34970,United States Minor Outlying Islands,1952-12-16,2023-05-28
426,Valerie,Oliver,andrew21@williams.com,218.943.5541x6818,5708 Cross Isle Suite 519,Suite 005,Morrisborough,Pennsylvania,20877,French Polynesia,2003-04-13,2022-03-02
427,Robert,Ellis,john91@contreras.com,+1-634-223-2134x4081,45265 Julia Ville,Suite 294,South Tammy,Maryland,07551,Madagascar,1996-02-24,2020-12-04
428,Cheryl,Hernandez,murraycynthia@lewis-swanson.info,(499)511-6182x07932,85837 Hood Fords Apt. 598,Apt. 344,New Calvintown,Ohio,52059,Madagascar,1948-02-19,2020-12-24
429,Paul,Guzman,michellejackson@lozano.com,(649)667-1241x17747,412 Sara Island Apt. 038,Suite 566,North Benjaminview,North Dakota,01915,Lithuania,1958-10-30,2020-05-01
430,Brandon,King,kscott@doyle-herrera.info,+1-958-342-7061x2307,981 Jill Mountains,Suite 285,Villanuevaville,California,04200,Haiti,1957-12-24,2024-06-19
431,Thomas,Shaffer,davidlewis@garcia.com,855.899.7543x0895,227 Brenda Place,Apt. 911,Latoyaside,Alabama,97571,Saint Kitts and Nevis,1992-01-13,2024-04-12
432,Edward,Oconnor,cchavez@smith-jensen.net,275-298-6712,3800 Bryan Village,Suite 378,New Brian,Indiana,02664,Mauritania,1969-10-09,2022-07-14
433,Antonio,Johnson,davidevans@yahoo.com,216.470.8586x0849,21289 Nancy Burg Suite 943,Suite 119,Port Emily,New York,50711,Niger,1989-02-19,2021-06-19
434,Christina,Randolph,ellisashley@yahoo.com,+1-490-924-2477x97407,125 Jacqueline Crest,Apt. 518,Amberborough,Mississippi,63141,Monaco,1962-10-17,2022-03-27
435,Crystal,Johnson,joann59@hotmail.com,221-036-0363,22898 Heather Drive Apt. 485,Apt. 417,West Luis,Florida,67848,Cuba,2000-03-15,2021-02-20
436,Daniel,Davis,shannon19@yahoo.com,834-889-8396,056 Phillips Mount,Suite 003,West Joshua,Oklahoma,66337,Seychelles,1978-05-26,2023-01-16
437,Andrea,Carter,moranmichelle@hotmail.com,+1-211-969-3490x17975,1128 Jimmy Pines Apt. 165,Suite 283,Carolmouth,New Mexico,44408,Guam,1958-01-23,2022-10-23
438,Michael,Hernandez,randallwendy@wall-garcia.com,+1-600-381-8025x530,7967 Heidi Camp,Apt. 772,East Kellychester,Vermont,75403,Benin,1953-12-02,2021-06-20
439,Patrick,Young,smithkaitlyn@black.info,001-342-125-1009x144,3478 Richardson Loaf Apt. 048,Apt. 379,Wattsside,Nevada,41170,Anguilla,1969-09-08,2024-01-20
440,Kimberly,Kelly,meredith84@gonzalez-garner.org,(975)251-9833x82294,665 Everett Hill,Suite 959,South Anthonyland,Kentucky,37556,Solomon Islands,1971-01-27,2021-01-10
441,Tracy,Moss,aparker@hotmail.com,(249)033-2644,65577 Victor Manors Suite 175,Suite 196,South Edwin,Idaho,46637,Ukraine,1993-07-06,2021-03-21
442,Nicole,Sullivan,petersonchristopher@yahoo.com,+1-302-236-0971,814 Kimberly Turnpike,Apt. 311,South Theresa,Idaho,68927,Sao Tome and Principe,1988-12-26,2024-05-07
443,Chelsea,Nelson,lisa49@hotmail.com,(180)563-1187x22867,53774 Kelly Burgs Apt. 907,Apt. 569,Port Timothy,Arkansas,89885,Libyan Arab Jamahiriya,1985-06-08,2021-11-17
444,Tanner,Vasquez,andreagibson@alvarez-miller.com,001-480-956-9535x5867,60001 Jennifer Junctions Apt. 580,Apt. 070,Jonathanport,Oklahoma,94348,British Indian Ocean Territory (Chagos Archipelago),1989-05-30,2022-01-10
445,Cynthia,Long,michael55@reyes.com,759.663.2633,62588 Kendra Squares Apt. 578,Suite 956,South John,Georgia,85135,Canada,1988-09-13,2020-12-02
446,Matthew,Collins,gwilliams@yahoo.com,400.687.1504,973 Mclaughlin Manor,Suite 164,East Olivia,Vermont,20820,Austria,1969-06-22,2023-06-02
447,David,Lester,katherine51@yahoo.com,+1-333-148-0102x461,1597 Chen Points Apt. 906,Suite 795,Brendanmouth,Wisconsin,14393,Tajikistan,1955-03-18,2023-04-12
448,Felicia,Pierce,lguerra@nolan-phillips.com,(370)284-9924x30857,5643 Smith Island Apt. 252,Suite 853,East Dylanberg,California,82333,Maldives,1966-11-08,2023-01-29
449,Christy,Madden,griffinjohn@gmail.com,1095185766,3177 Mendoza Squares Suite 883,Suite 541,Port Michael,Ohio,93643,Liechtenstein,1958-02-12,2023-05-10
450,Kristina,Mejia,jameslaura@hancock.com,463-907-2644x849,42428 Angela Pass,Suite 327,North Jacobtown,Arizona,22093,French Southern Territories,1965-01-13,2021-03-02
451,David,Duncan,jason27@gmail.com,(681)905-7431,98027 Tiffany Alley Apt. 096,Apt. 943,New Kimberlyland,Indiana,60092,South Georgia and the South Sandwich Islands,1964-07-01,2023-07-21
452,Rhonda,Baker,bakerderrick@gmail.com,829.822.5507x731,6152 Denise Springs,Apt. 507,Carrollstad,Texas,41797,Equatorial Guinea,1974-04-08,2023-07-10
453,Lauren,Mcdaniel,xwarren@hotmail.com,+1-293-627-0623x9816,9683 Edward Village,Suite 338,Davidside,Wisconsin,94804,Cayman Islands,1973-05-25,2020-05-23
454,Sabrina,Bryant,cookbreanna@yahoo.com,8902874488,40955 Boyd Prairie Apt. 572,Suite 473,South Jennifer,Massachusetts,16694,Burkina Faso,1999-11-15,2021-08-10
455,Monique,Griffith,brandonmeyer@yahoo.com,190.039.5028x9791,048 Stephen Plaza,Suite 168,Lake Jessica,Maryland,37395,Gambia,1961-08-19,2020-06-11
456,Erin,Powell,hflores@baldwin.net,001-855-855-4957x836,84216 Graham Way,Suite 428,West Jessica,Oregon,54450,Bahamas,1985-06-06,2023-03-10
457,Lisa,Crawford,wilkinsamber@hernandez-baldwin.org,5561327874,2139 Morse Cape,Apt. 442,Jamestown,Indiana,62910,Mongolia,1966-05-29,2022-06-15
458,April,Smith,chamilton@yahoo.com,001-858-203-4517x26813,73391 Warren Stream Suite 084,Apt. 841,North John,Idaho,71267,Portugal,1995-01-17,2022-10-25
459,Kristen,Singh,wardemma@peterson.com,821-463-8815,74667 Gina Streets Suite 097,Suite 953,East Tammy,Wisconsin,73111,Solomon Islands,2005-08-07,2023-11-15
460,Jaime,Johnson,wendygeorge@martin.com,092-202-2242,973 Parker Parks,Apt. 301,Port Daniel,Illinois,46722,Mongolia,1993-12-25,2020-02-20
461,Kimberly,Becker,tayloramy@price-wood.com,990.925.5689,910 Matthew Center,Apt. 575,Port Mary,New York,70614,Gibraltar,1986-11-29,2020-08-17
462,Sean,Perkins,briannasmith@peterson-downs.com,001-829-584-2671x242,7010 Thomas Lakes,Apt. 915,Howardmouth,Iowa,46660,Honduras,1956-07-30,2021-01-26
463,Katherine,Parsons,ortizmichael@hotmail.com,001-574-307-6043x8193,59511 Gabriela Gardens,Suite 072,East Jennifer,Louisiana,89722,El Salvador,1977-05-30,2023-06-24
464,Stanley,Roberts,jasonwarren@hotmail.com,(324)152-9911x181,04071 Conway Prairie Apt. 623,Suite 976,Hallton,Montana,57103,Mayotte,1995-06-03,2024-06-20
465,Kristine,Parks,floresbrandi@oliver.info,001-363-851-1985,51813 Henry Alley Apt. 348,Suite 622,Lake Stephanie,South Dakota,62832,Chad,1995-05-27,2021-09-10
466,Charles,Clark,alopez@yahoo.com,+1-596-963-7011,415 Jennifer Plaza Suite 141,Suite 603,New Lawrence,Vermont,17727,Micronesia,1990-08-22,2022-11-27
467,Bradley,Moreno,edward25@townsend-brooks.com,7951411233,0162 Heather Isle Suite 784,Apt. 302,Smithshire,Delaware,87872,Russian Federation,1994-02-01,2023-09-06
468,Sarah,Peterson,lori63@gmail.com,+1-071-337-3923,902 Maynard Keys,Apt. 319,Edwardston,Vermont,94653,Botswana,1968-07-10,2022-03-22
469,Todd,Good,briddle@flynn.com,001-332-313-2718x475,421 Martin Drive,Apt. 873,North Taylorview,Oregon,79074,Papua New Guinea,1985-08-15,2022-10-07
470,Rachel,Bonilla,alexandertanya@stokes.biz,(224)494-8432,924 Mitchell Ranch Suite 626,Apt. 991,Hinesside,Mississippi,12785,Cocos (Keeling) Islands,1990-11-01,2023-05-25
471,Shirley,Clark,ryanpitts@hotmail.com,(007)272-1556,11892 Peter Glens Apt. 572,Apt. 121,New Brandy,North Dakota,78390,Saint Kitts and Nevis,1957-07-04,2020-02-06
472,Elizabeth,Knight,fmendez@greene-mcgrath.biz,143.287.1797,5308 Pierce Burg,Suite 015,Lake Carol,Montana,50929,Belgium,1955-02-18,2023-05-14
473,Ashley,Rivera,gregory51@dean.com,+1-406-504-3313x26711,833 Allison Lane,Apt. 449,Larsenborough,Mississippi,17842,Malawi,1966-08-08,2022-05-29
474,Jason,Schmitt,andrew75@lin-romero.com,+1-649-849-9876x792,401 Armstrong Unions Apt. 218,Suite 816,New Samuel,Georgia,95769,Micronesia,2000-03-26,2023-10-02
475,Clayton,Middleton,henryderrick@gmail.com,001-370-195-2161x726,0655 Hill Mountain Apt. 739,Apt. 515,Alexandriamouth,Alaska,48449,Indonesia,2002-09-23,2021-08-27
476,Lori,Willis,roycindy@hotmail.com,(083)821-9622,662 Christopher Bridge Apt. 839,Suite 764,Amymouth,South Carolina,39827,Greece,1945-06-30,2024-02-24
477,Pamela,Cortez,walkerlaura@anderson-king.org,456-342-8996x13238,93926 Rachel Trafficway Suite 311,Apt. 490,Daltontown,Tennessee,37054,Luxembourg,1944-09-01,2021-10-11
478,Kimberly,Maldonado,rachelprice@booth.info,409-634-5972x93801,802 Ramirez Isle Suite 699,Suite 803,Brianstad,Hawaii,47712,Nicaragua,1976-07-12,2020-05-11
479,Holly,Gomez,garnerrandy@cooper-salinas.com,+1-898-604-5007x6636,98520 Collier Mountains Suite 126,Apt. 179,Coreyport,Washington,25553,Cambodia,1950-03-02,2022-10-21
480,Robert,Hendricks,randy93@yahoo.com,001-952-645-5152x159,8202 Williams Plains,Suite 776,Adamsbury,Utah,90827,Slovenia,1998-11-19,2020-01-25
481,Kevin,Lam,tylerdavid@doyle.biz,360.132.6231x73362,9847 Jessica Islands Suite 339,Apt. 376,Katiemouth,Illinois,91805,Lesotho,1977-03-21,2021-08-17
482,Daniel,Rivera,hannah61@nelson-hernandez.com,6809017299,80534 Joshua Lights,Suite 952,North Jonathan,Georgia,23414,Sudan,1959-09-08,2023-07-04
483,Ronald,Burgess,frankclark@hotmail.com,001-702-478-4835x968,65716 Jacob Heights,Apt. 630,Estesville,North Dakota,80924,Djibouti,1970-07-05,2022-10-05
484,Ashlee,Smith,garciawhitney@andrews-campbell.com,198-165-8830,9872 Barton Mountain Suite 098,Apt. 943,Lake Sethshire,Florida,24812,Oman,2001-01-29,2021-06-28
485,Sandra,Velasquez,daniel45@hotmail.com,767-849-4220,8541 Don Knoll Apt. 452,Suite 620,Stephaniefurt,Florida,75341,San Marino,1990-12-09,2020-07-23
486,Shari,Cunningham,yusharon@gmail.com,001-224-059-6620x2619,207 Allen Village Suite 938,Suite 268,Dawnport,Oklahoma,64578,Aruba,1949-11-22,2020-06-11
487,Robert,Farley,jessica97@wu-matthews.com,879-582-2072x30537,427 Danielle Walk,Apt. 554,Burnettmouth,Massachusetts,07509,France,1968-06-27,2020-06-21
488,Cory,Cox,qhenderson@watkins.net,+1-984-931-3432,83760 Bryan Freeway Apt. 278,Apt. 410,North Johnfurt,Florida,15974,Azerbaijan,1971-05-24,2023-05-07
489,Kim,Garrett,billymartinez@yahoo.com,+1-041-769-9589,12324 Cardenas Circles Apt. 103,Apt. 912,Lake Karen,Texas,50163,Anguilla,2000-10-15,2022-10-27
490,Jessica,Morris,lisa89@ross.com,+1-308-441-4608x61233,346 Kayla Heights Suite 430,Suite 551,New Josefort,Illinois,60700,Thailand,1998-01-11,2022-10-26
491,Anthony,Patton,marcuspeters@williams.com,(586)366-5534,09581 Johnson Trail Suite 342,Suite 029,South Alex,Maine,85175,Palau,1973-12-27,2023-05-02
492,Sean,Burke,nicolehudson@hotmail.com,520-167-3359x1252,03336 Michael Trafficway Apt. 139,Suite 583,Armstrongchester,Vermont,40782,United States Virgin Islands,2001-08-04,2021-05-29
493,Gina,Archer,fclark@villa.com,(936)337-0605x805,8640 Marshall Crest,Suite 276,Port Brianmouth,Arkansas,80614,Macedonia,2001-11-28,2022-03-29
494,Anthony,Smith,jasoncharles@gonzalez-harris.net,+1-140-904-7730x56861,90734 Lucero Cliff,Suite 652,New Christina,Hawaii,80636,Sao Tome and Principe,1947-09-25,2022-11-11
495,Samantha,Taylor,nespinoza@hotmail.com,613-286-3094,67671 Roberts Centers,Apt. 453,Port Patriciaview,Michigan,14296,Guernsey,1999-12-25,2022-09-29
496,Suzanne,Williams,melissa54@hall.org,924-420-1631,349 Ramos Mission,Apt. 313,Port Ashleyport,Massachusetts,25779,Bouvet Island (Bouvetoya),1972-06-08,2023-07-24
497,Jennifer,Martinez,ryan10@murphy.org,670.064.3191,4140 Nathan Bridge,Apt. 084,South Christinachester,New Jersey,13819,Peru,1979-06-10,2022-06-25
498,Christian,Noble,allenkristin@hotmail.com,001-841-765-3865,735 Benson Brooks Apt. 507,Suite 171,Bradtown,Arizona,98330,Serbia,1998-02-13,2020-12-14
499,Chad,Fry,myersedward@walker-young.com,6068899000,11580 Richard Knoll Suite 307,Apt. 605,Lake Maria,Louisiana,33990,Tokelau,1945-07-07,2022-03-09
500,Michael,Castillo,jwoods@coleman.com,430.413.6934,59016 Rebecca Well Apt. 992,Suite 721,East Kristina,Virginia,93832,Djibouti,1971-05-20,2021-04-02
